vx,vy,vz,wx,wy,wz,base1,shoulder1,elbow1,base2,shoulder2,elbow2,base3,shoulder3,elbow3,base4,shoulder4,elbow4,com_vx,com_vy,com_wz,height,e1x,e1y,e1z,e2x,e2y,e2z,e3x,e3y,e3z,e4x,e4y,e4z,com_x,com_y,quat_x,quat_y,quat_z,quat_w,e1x_w,e1y_w,e1z_w,e2x_w,e2y_w,e2z_w,e3x_w,e3y_w,e3z_w,e4x_w,e4y_w,e4z_w,jv_base1,jv_shoulder1,jv_elbow1,jv_base2,jv_shoulder2,jv_elbow2,jv_base3,jv_shoulder3,jv_elbow3,jv_base4,jv_shoulder4,jv_elbow4
0.00000000,0.00000000,0.00000000,0.00000000,0.00000000,0.00000000,-0.23852900,0.92445165,-1.87628579,0.26596949,0.96444649,-1.56422257,-0.24198219,0.75339985,-1.87791431,0.28747219,0.65538841,-1.69658351,0.00000000,0.00000000,0.00000000,0.41117182,0.14260116,0.22401591,-0.25325890,0.20040485,-0.19249432,-0.22453463,-0.13573131,0.22306227,-0.23404911,-0.14345920,-0.19230375,-0.22496629,0.00000000,0.00000000,0.01413910,-0.00766056,0.01451690,0.99976530,0.13608718,0.22803179,0.15791292,0.20586815,-0.18663994,0.18663719,-0.14210226,0.21905870,0.17712271,-0.13785861,-0.19635753,0.18620554,0.00000000,0.00000000,0.00000000,0.00000000,0.00000000,0.00000000,0.00000000,0.00000000,0.00000000,0.00000000,0.00000000,0.00000000
0.00000000,0.00000000,0.00000000,0.00000000,0.00000000,0.00000000,-0.23603923,0.93359469,-1.90234342,0.28968042,0.73065228,-1.68650553,-0.21516605,0.80193001,-1.80484197,0.28359808,0.64742321,-1.61816082,0.00000000,0.00000000,0.00000000,0.38784140,0.22574983,0.22645458,-0.23391833,0.19836516,-0.18958624,-0.22411160,-0.14527816,0.22785602,-0.24459878,-0.16616747,-0.18768208,-0.24329488,0.01045597,0.00710221,0.01713933,-0.00118394,0.02091904,0.99963355,0.22654685,0.24279139,0.15392306,0.21656926,-0.17403031,0.16372980,-0.14421569,0.22868919,0.14324262,-0.14772460,-0.18735884,0.14454651,0.00000000,0.00000000,0.00000000,0.00000000,0.00000000,0.00000000,0.00000000,0.00000000,0.00000000,0.00000000,0.00000000,0.00000000
0.00000000,0.00000000,0.00000000,0.00000000,0.00000000,0.00000000,-0.24018654,0.89760233,-1.94479861,0.30966555,0.64412553,-1.73312151,-0.21003906,0.75269240,-1.80264943,0.28389888,0.55177687,-1.54519987,0.00000000,0.00000000,0.00000000,0.35487223,0.25299576,0.22807234,-0.21986409,0.21008964,-0.18789639,-0.21835465,-0.12794239,0.23137333,-0.24930967,-0.15559266,-0.18505994,-0.24198436,0.01993589,0.01322503,0.01933499,0.00328014,0.02265261,0.99955103,0.26231332,0.25255123,0.13500815,0.23834162,-0.16493683,0.13651758,-0.11838173,0.23854948,0.10556256,-0.12709222,-0.17870983,0.11288787,0.00000000,0.00000000,0.00000000,0.00000000,0.00000000,0.00000000,0.00000000,0.00000000,0.00000000,0.00000000,0.00000000,0.00000000
0.00000000,0.00000000,0.00000000,0.00000000,0.00000000,0.00000000,-0.22910306,0.89826570,-1.91923666,0.31287612,0.64022599,-1.71992018,-0.20391120,0.60890697,-1.75739233,0.28850924,0.44402546,-1.48932130,0.00000000,0.00000000,0.00000000,0.31431866,0.25183784,0.23041097,-0.22145980,0.20613340,-0.18546407,-0.22595461,-0.10296861,0.23399272,-0.24872009,-0.12316739,-0.18270364,-0.24371545,0.02975430,0.01903208,0.02123133,0.00527266,0.02287530,0.99949895,0.27073786,0.26077251,0.09285886,0.24419268,-0.15676348,0.08836406,-0.08385836,0.24804581,0.06559857,-0.08488708,-0.16913854,0.07060322,0.00000000,0.00000000,0.00000000,0.00000000,0.00000000,0.00000000,0.00000000,0.00000000,0.00000000,0.00000000,0.00000000,0.00000000
0.00000000,0.00000000,0.00000000,0.00000000,0.00000000,0.00000000,-0.22007660,0.94316454,-1.89888287,0.31357881,0.66671749,-1.71058304,-0.21279509,0.55354425,-1.79615638,0.30667325,0.41539277,-1.54703162,0.00000000,0.00000000,0.00000000,0.26669977,0.24251354,0.23233959,-0.22485229,0.19156333,-0.18354670,-0.23254561,-0.09006602,0.23449364,-0.23151375,-0.10722673,-0.18215627,-0.23101627,0.04042171,0.02507612,0.02261527,0.00788299,0.02433144,0.99941702,0.27126020,0.26901893,0.04184749,0.24074807,-0.14886423,0.03415416,-0.06102547,0.25487522,0.03518602,-0.05775125,-0.16211509,0.03568350,0.00000000,0.00000000,0.00000000,0.00000000,0.00000000,0.00000000,0.00000000,0.00000000,0.00000000,0.00000000,0.00000000,0.00000000
0.00000000,0.00000000,0.00000000,0.00000000,0.00000000,0.00000000,-0.26515824,1.07823384,-2.06780934,0.34440127,0.78992093,-1.87894714,-0.25776714,0.62094897,-1.98289490,0.34735668,0.49706900,-1.76336479,0.00000000,0.00000000,0.00000000,0.22124353,0.22381441,0.22902429,-0.20003889,0.17666861,-0.18735083,-0.19997307,-0.09866941,0.23053539,-0.19017125,-0.11586777,-0.18587480,-0.19022078,0.05369185,0.03083258,0.02161100,0.01851709,0.02436179,0.99929805,0.26588997,0.27065954,0.02120464,0.23942164,-0.14753945,0.02127046,-0.05627301,0.25619883,0.03107228,-0.05282891,-0.16055214,0.03102275,0.00000000,0.00000000,0.00000000,0.00000000,0.00000000,0.00000000,0.00000000,0.00000000,0.00000000,0.00000000,0.00000000,0.00000000
0.00000000,0.00000000,0.00000000,0.00000000,0.00000000,0.00000000,-0.31220276,1.22895889,-2.17591796,0.38137957,0.93118837,-2.02974944,-0.30073373,0.72446705,-2.11975603,0.38083345,0.60082462,-1.92150474,0.00000000,0.00000000,0.00000000,0.19326622,0.20519954,0.22543614,-0.17190291,0.15857144,-0.19066479,-0.17195232,-0.11440513,0.22716290,-0.16233497,-0.13177852,-0.18902186,-0.16203959,0.07170048,0.03528144,0.02040254,0.02191709,0.02443666,0.99925283,0.26542416,0.27065229,0.02136330,0.23956602,-0.14725382,0.02131390,-0.05387027,0.25646803,0.03093125,-0.05050579,-0.16006561,0.03122663,0.00000000,0.00000000,0.00000000,0.00000000,0.00000000,0.00000000,0.00000000,0.00000000,0.00000000,0.00000000,0.00000000,0.00000000
0.00000000,0.00000000,0.00000000,0.00000000,0.00000000,0.00000000,-0.34984187,1.37361059,-2.22097859,0.40971288,1.06782553,-2.12059550,-0.33589643,0.84145879,-2.21358395,0.40695122,0.71242092,-2.03723254,0.00000000,0.00000000,0.00000000,0.17419841,0.18509792,0.22270941,-0.15291131,0.13730848,-0.19310057,-0.15304247,-0.13272868,0.22444260,-0.14293899,-0.15009866,-0.19144968,-0.14278639,0.09234139,0.03910361,0.01903106,0.02392065,0.02443246,0.99923404,0.26612040,0.27075329,0.02128711,0.23909455,-0.14692048,0.02115594,-0.05139825,0.25665888,0.03125943,-0.04803829,-0.15958241,0.03141202,0.00000000,0.00000000,0.00000000,0.00000000,0.00000000,0.00000000,0.00000000,0.00000000,0.00000000,0.00000000,0.00000000,0.00000000
0.00000000,0.00000000,0.00000000,0.00000000,0.00000000,0.00000000,-0.38247582,1.49419792,-2.23231297,0.43232653,1.20024927,-2.17590795,-0.36444860,0.96579001,-2.27584696,0.42684021,0.82966735,-2.12403812,0.00000000,0.00000000,0.00000000,0.16003335,0.16459999,0.22028035,-0.13893744,0.11757560,-0.19523146,-0.13868233,-0.15215189,0.22196741,-0.12870894,-0.16937435,-0.19356796,-0.12892133,0.11408992,0.04261571,0.01731737,0.02568457,0.02443037,0.99922148,0.26752125,0.27081609,0.02109590,0.24123756,-0.14652133,0.02135102,-0.04892196,0.25673450,0.03132440,-0.04543948,-0.15914304,0.03111201,0.00000000,0.00000000,0.00000000,0.00000000,0.00000000,0.00000000,0.00000000,0.00000000,0.00000000,0.00000000,0.00000000,0.00000000
0.00000000,0.00000000,0.00000000,0.00000000,0.00000000,0.00000000,-0.40667042,1.59358876,-2.21631165,0.44996749,1.32038615,-2.19966397,-0.38419946,1.09127004,-2.31239338,0.43958366,0.94639823,-2.17868795,0.00000000,0.00000000,0.00000000,0.15028352,0.14419184,0.21862870,-0.12919986,0.09766148,-0.19665823,-0.12883274,-0.17214431,0.22038060,-0.11922549,-0.18914007,-0.19495061,-0.11904845,0.13635710,0.04535784,0.01599505,0.02831626,0.02442233,0.99917261,0.26948510,0.27089438,0.02108366,0.24368863,-0.14619416,0.02145078,-0.04654596,0.25689447,0.03105803,-0.04284226,-0.15876785,0.03123507,0.00000000,0.00000000,0.00000000,0.00000000,0.00000000,0.00000000,0.00000000,0.00000000,0.00000000,0.00000000,0.00000000,0.00000000
0.00000000,0.00000000,0.00000000,0.00000000,0.00000000,0.00000000,-0.41562247,1.66293073,-2.17187619,0.45670065,1.41694176,-2.18823004,-0.38790283,1.20809758,-2.31577015,0.44046766,1.05499208,-2.19570804,0.00000000,0.00000000,0.00000000,0.14653607,0.12365868,0.21780800,-0.12549053,0.07728268,-0.19733297,-0.12519991,-0.19283300,0.21972449,-0.11567819,-0.20972581,-0.19549559,-0.11511154,0.15911901,0.04730978,0.01512874,0.03220093,0.02447508,0.99906716,0.27173710,0.27102602,0.02104554,0.24616781,-0.14591398,0.02133615,-0.04445482,0.25712187,0.03085788,-0.04057382,-0.15842358,0.03142453,0.00000000,0.00000000,0.00000000,0.00000000,0.00000000,0.00000000,0.00000000,0.00000000,0.00000000,0.00000000,0.00000000,0.00000000
0.00000000,0.00000000,0.00000000,0.00000000,0.00000000,0.00000000,-0.39715145,1.68658388,-2.08741727,0.44283524,1.46957548,-2.12597766,-0.36619675,1.29905374,-2.27011304,0.42366160,1.14136858,-2.15841370,0.00000000,0.00000000,0.00000000,0.15278099,0.10232465,0.21831608,-0.13148153,0.05569291,-0.19679926,-0.13178646,-0.21520364,0.22046625,-0.12159977,-0.23210436,-0.19474255,-0.12149431,0.18297628,0.04793280,0.01519218,0.03581372,0.02451715,0.99894218,0.27421321,0.27111000,0.02129946,0.24847764,-0.14582277,0.02099453,-0.04302272,0.25731862,0.03118122,-0.03906007,-0.15821510,0.03128668,0.00000000,0.00000000,0.00000000,0.00000000,0.00000000,0.00000000,0.00000000,0.00000000,0.00000000,0.00000000,0.00000000,0.00000000
0.00000000,0.00000000,0.00000000,0.00000000,0.00000000,0.00000000,-0.35367663,1.65783579,-1.95289764,0.40621310,1.46637232,-2.00154037,-0.32719543,1.35262172,-2.17186952,0.39351940,1.20063977,-2.06861515,0.00000000,0.00000000,0.00000000,0.17076834,0.07994152,0.22002481,-0.14945260,0.03288469,-0.19518294,-0.14985272,-0.23986331,0.22209226,-0.13783739,-0.25629362,-0.19309383,-0.13953224,0.20796118,0.04745441,0.01580164,0.03509208,0.02449273,0.99895894,0.27676467,0.27121241,0.02131574,0.25059566,-0.14583316,0.02091562,-0.04274122,0.25723450,0.03293095,-0.03832336,-0.15825308,0.03123610,0.00000000,0.00000000,0.00000000,0.00000000,0.00000000,0.00000000,0.00000000,0.00000000,0.00000000,0.00000000,0.00000000,0.00000000
0.00000000,0.00000000,0.00000000,0.00000000,0.00000000,0.00000000,-0.29667552,1.56663897,-1.74816349,0.35416201,1.40007856,-1.80011177,-0.28157844,1.35778980,-2.01008546,0.37003255,1.28702815,-1.95806265,0.00000000,0.00000000,0.00000000,0.20176879,0.05673888,0.22226776,-0.18066856,0.00928085,-0.19301600,-0.18050291,-0.27461694,0.22289019,-0.15373711,-0.28229042,-0.19134283,-0.17027811,0.23388791,0.04654647,0.01605666,0.02790280,0.02436461,0.99918466,0.27951882,0.27135767,0.02110023,0.25274261,-0.14577048,0.02126588,-0.05145906,0.25552400,0.04803168,-0.03855199,-0.15857899,0.03149068,0.00000000,0.00000000,0.00000000,0.00000000,0.00000000,0.00000000,0.00000000,0.00000000,0.00000000,0.00000000,0.00000000,0.00000000
0.00000000,0.00000000,0.00000000,0.00000000,0.00000000,0.00000000,-0.24246385,1.41051500,-1.45246522,0.30033801,1.27733366,-1.51695924,-0.23845300,1.30562301,-1.77054446,0.35529057,1.39257090,-1.82089424,0.00000000,0.00000000,0.00000000,0.24354891,0.03281836,0.22377175,-0.22237358,-0.01498440,-0.19135031,-0.22211410,-0.32052326,0.22191377,-0.16581514,-0.31083276,-0.19038948,-0.21205023,0.26104673,0.04647025,0.01510620,0.01722995,0.02426959,0.99944280,0.28284720,0.27158262,0.02117533,0.25546813,-0.14538478,0.02143481,-0.06997777,0.25239174,0.07773378,-0.04007111,-0.15893960,0.03149869,0.00000000,0.00000000,0.00000000,0.00000000,0.00000000,0.00000000,0.00000000,0.00000000,0.00000000,0.00000000,0.00000000,0.00000000
0.00000000,0.00000000,0.00000000,0.00000000,0.00000000,0.00000000,-0.20584352,1.24208379,-1.20285296,0.26146188,1.12631273,-1.21089721,-0.21324460,1.25258291,-1.53931522,0.33151892,1.40423083,-1.62431777,0.00000000,0.00000000,0.00000000,0.28567544,0.01542006,0.22496504,-0.26266748,-0.02020810,-0.19006001,-0.26147525,-0.35960850,0.22160246,-0.18752156,-0.33893176,-0.19003046,-0.24547498,0.28804600,0.04644369,0.01426689,0.00734387,0.02445721,0.99957209,0.29239991,0.27189455,0.02300796,0.27719572,-0.14437939,0.02420019,-0.08201104,0.25011919,0.09815387,-0.04114485,-0.16000170,0.04020046,0.00000000,0.00000000,0.00000000,0.00000000,0.00000000,0.00000000,0.00000000,0.00000000,0.00000000,0.00000000,0.00000000,0.00000000
0.00000000,0.00000000,0.00000000,0.00000000,0.00000000,0.00000000,-0.19498804,1.16209321,-1.26753845,0.25007775,1.04581829,-1.24238024,-0.21030203,1.24494605,-1.45987334,0.31960745,1.39136837,-1.49598095,0.00000000,0.00000000,0.00000000,0.31499918,0.04814859,0.22472391,-0.27644575,0.01782850,-0.19006930,-0.27758347,-0.38258868,0.22122999,-0.19764147,-0.35211574,-0.19065606,-0.25231310,0.31269234,0.04621395,0.01355123,0.00496138,0.02442255,0.99959756,0.34978024,0.27302578,0.03855343,0.33980563,-0.14275448,0.03741571,-0.08026934,0.24844630,0.11735771,-0.02966618,-0.16145374,0.06268608,0.00000000,0.00000000,0.00000000,0.00000000,0.00000000,0.00000000,0.00000000,0.00000000,0.00000000,0.00000000,0.00000000,0.00000000
0.00000000,0.00000000,0.00000000,0.00000000,0.00000000,0.00000000,-0.18995703,1.09163799,-1.32432275,0.24301986,0.98040651,-1.28115988,-0.21236489,1.24627333,-1.44756351,0.31538360,1.39008524,-1.44711206,0.00000000,0.00000000,0.00000000,0.33573928,0.07724840,0.22397706,-0.28439760,0.05118304,-0.19062645,-0.28708059,-0.39242600,0.22040054,-0.20018279,-0.35475280,-0.19168271,-0.25239654,0.33620701,0.04607861,0.01269961,0.00436622,0.02457425,0.99960780,0.40233268,0.27358781,0.05134169,0.39671474,-0.14179625,0.04865869,-0.06659584,0.24688804,0.13555650,-0.00867664,-0.16284021,0.08334275,0.00000000,0.00000000,0.00000000,0.00000000,0.00000000,0.00000000,0.00000000,0.00000000,0.00000000,0.00000000,0.00000000,0.00000000
0.00000000,0.00000000,0.00000000,0.00000000,0.00000000,0.00000000,-0.18886572,1.03863354,-1.37777245,0.24014093,0.93585094,-1.32362146,-0.21588137,1.25095768,-1.47146463,0.30873456,1.37228110,-1.43997331,0.00000000,0.00000000,0.00000000,0.34808061,0.09930020,0.22319132,-0.28719241,0.07751805,-0.19128164,-0.29095548,-0.39005031,0.21992390,-0.20393271,-0.35174624,-0.19256739,-0.24888909,0.35915571,0.04608853,0.01199157,0.00576022,0.02523418,0.99959305,0.44703774,0.27401757,0.06088820,0.44625124,-0.14102662,0.05712513,-0.04152089,0.24599859,0.14414791,0.01760165,-0.16402677,0.09919153,0.00000000,0.00000000,0.00000000,0.00000000,0.00000000,0.00000000,0.00000000,0.00000000,0.00000000,0.00000000,0.00000000,0.00000000
0.00000000,0.00000000,0.00000000,0.00000000,0.00000000,0.00000000,-0.19107495,1.00826888,-1.43830788,0.24117383,0.91206619,-1.37789040,-0.21953976,1.25274901,-1.51944456,0.29893878,1.33182542,-1.46330619,0.00000000,0.00000000,0.00000000,0.35209323,0.11564318,0.22252797,-0.28546654,0.09694725,-0.19187738,-0.28972657,-0.37614070,0.21991720,-0.21015507,-0.34389093,-0.19315281,-0.24335460,0.38171535,0.04628615,0.01149364,0.00904419,0.02651244,0.99954149,0.48535249,0.27465293,0.06662669,0.48873629,-0.14016013,0.06236666,-0.00559560,0.24587480,0.14193816,0.04859065,-0.16489367,0.10873863,0.00000000,0.00000000,0.00000000,0.00000000,0.00000000,0.00000000,0.00000000,0.00000000,0.00000000,0.00000000,0.00000000,0.00000000
0.00000000,0.00000000,0.00000000,0.00000000,0.00000000,0.00000000,-0.19688851,0.99556494,-1.51863492,0.24600229,0.90287995,-1.45345104,-0.22329985,1.24400640,-1.58972478,0.28790143,1.26503432,-1.51378548,0.00000000,0.00000000,0.00000000,0.34778595,0.12990969,0.22184193,-0.27944455,0.11326107,-0.19253640,-0.28365234,-0.35025107,0.22016558,-0.21769172,-0.32962837,-0.19356795,-0.23640753,0.40369317,0.04664417,0.01107049,0.01418327,0.02832911,0.99943671,0.52075532,0.27552584,0.06834140,0.52773765,-0.13912801,0.06413361,0.04146966,0.24650118,0.13009423,0.08562607,-0.16538587,0.11137842,0.00000000,0.00000000,0.00000000,0.00000000,0.00000000,0.00000000,0.00000000,0.00000000,0.00000000,0.00000000,0.00000000,0.00000000
0.00000000,0.00000000,0.00000000,0.00000000,0.00000000,0.00000000,-0.21027975,0.98984218,-1.64472914,0.25681512,0.89449992,-1.56790743,-0.22805776,1.20639963,-1.68511245,0.27955344,1.15803750,-1.59347212,0.00000000,0.00000000,0.00000000,0.33381411,0.14884518,0.22082124,-0.26720549,0.13366744,-0.19359472,-0.26966074,-0.30843437,0.22032200,-0.22319790,-0.30428638,-0.19400703,-0.22802387,0.42455035,0.04707419,0.01050379,0.02140251,0.03065084,0.99924578,0.55947350,0.27666655,0.06660862,0.56991901,-0.13789568,0.06415337,0.10309771,0.24792673,0.11061620,0.13282669,-0.16535518,0.10579024,0.00000000,0.00000000,0.00000000,0.00000000,0.00000000,0.00000000,0.00000000,0.00000000,0.00000000,0.00000000,0.00000000,0.00000000
0.00000000,0.00000000,0.00000000,0.00000000,0.00000000,0.00000000,-0.23537563,0.97998345,-1.81009994,0.27609127,0.87154019,-1.71493759,-0.23558253,1.11795850,-1.79332845,0.27832355,1.00242560,-1.68722498,0.00000000,0.00000000,0.00000000,0.31134539,0.17496280,0.21925839,-0.24775154,0.15926580,-0.19525722,-0.24642217,-0.25188617,0.21991224,-0.22255683,-0.26524055,-0.19471571,-0.21839160,0.44417382,0.04754072,0.00967403,0.02938946,0.03320188,0.99896962,0.60404921,0.27803168,0.06359385,0.61616713,-0.13660400,0.06492321,0.17811605,0.25007787,0.08878855,0.19257886,-0.16451289,0.09295379,0.00000000,0.00000000,0.00000000,0.00000000,0.00000000,0.00000000,0.00000000,0.00000000,0.00000000,0.00000000,0.00000000,0.00000000
0.00000000,0.00000000,0.00000000,0.00000000,0.00000000,0.00000000,-0.27501966,0.97045510,-1.98660259,0.30995228,0.82900908,-1.88036323,-0.24991077,0.95149528,-1.89642613,0.28966435,0.79588263,-1.76869161,0.00000000,0.00000000,0.00000000,0.28054998,0.20555255,0.21744830,-0.21904059,0.18342482,-0.19710551,-0.21527257,-0.18569427,0.21904391,-0.21202672,-0.21002316,-0.19557758,-0.20547372,0.46306022,0.04786786,0.00893296,0.03595744,0.03551095,0.99868225,0.65248043,0.27950464,0.06150939,0.66015511,-0.13556836,0.06527741,0.26212758,0.25302310,0.06852326,0.26761163,-0.16227535,0.07507626,0.00000000,0.00000000,0.00000000,0.00000000,0.00000000,0.00000000,0.00000000,0.00000000,0.00000000,0.00000000,0.00000000,0.00000000
0.00000000,0.00000000,0.00000000,0.00000000,0.00000000,0.00000000,-0.33626282,0.94234257,-2.15978255,0.37272537,0.75610142,-2.05252595,-0.28449193,0.71466597,-1.98758004,0.32190358,0.56746376,-1.82884195,0.00000000,0.00000000,0.00000000,0.24188303,0.23866033,0.21578034,-0.17754826,0.20747659,-0.19863791,-0.17679945,-0.12035149,0.21818963,-0.18773706,-0.14444078,-0.19648238,-0.18019810,0.48191383,0.04795450,0.00891959,0.03890946,0.03724219,0.99850865,0.70365040,0.28109137,0.06433477,0.70375720,-0.13449844,0.06508357,0.34547620,0.25646341,0.05414597,0.35267643,-0.15884530,0.06168493,0.00000000,0.00000000,0.00000000,0.00000000,0.00000000,0.00000000,0.00000000,0.00000000,0.00000000,0.00000000,0.00000000,0.00000000
0.00000000,0.00000000,0.00000000,0.00000000,0.00000000,0.00000000,-0.32174233,0.98746234,-2.13275027,0.35945481,0.76066011,-2.03131866,-0.29667702,0.56519955,-1.96744502,0.34054133,0.46295691,-1.84569979,0.00000000,0.00000000,0.00000000,0.20541003,0.23668834,0.21565123,-0.18411992,0.19617528,-0.19869723,-0.18398202,-0.09284766,0.21710340,-0.17442691,-0.11110565,-0.19728137,-0.17425664,0.50222167,0.04936118,0.00842469,0.03850034,0.03851804,0.99848040,0.72141632,0.28277183,0.02129012,0.71325991,-0.13347261,0.02142801,0.39276603,0.25858364,0.03098313,0.40680006,-0.15596568,0.03115339,0.00000000,0.00000000,0.00000000,0.00000000,0.00000000,0.00000000,0.00000000,0.00000000,0.00000000,0.00000000,0.00000000,0.00000000
0.00000000,0.00000000,0.00000000,0.00000000,0.00000000,0.00000000,-0.36838474,1.14453635,-2.22860651,0.39932158,0.91184657,-2.16203094,-0.33656256,0.68469186,-2.09846582,0.37326079,0.57900708,-1.99643893,0.00000000,0.00000000,0.00000000,0.18008228,0.21523576,0.21363183,-0.15890809,0.17567062,-0.20060084,-0.15870855,-0.11172455,0.21495707,-0.14915732,-0.13003147,-0.19930779,-0.14896918,0.52344452,0.05317940,0.00703188,0.04060451,0.03853539,0.99840716,0.72141386,0.28290343,0.02117418,0.71418414,-0.13315165,0.02137373,0.39534078,0.25879639,0.03092496,0.40930739,-0.15563750,0.03111310,0.00000000,0.00000000,0.00000000,0.00000000,0.00000000,0.00000000,0.00000000,0.00000000,0.00000000,0.00000000,0.00000000,0.00000000
0.00000000,0.00000000,0.00000000,0.00000000,0.00000000,0.00000000,-0.40836829,1.29111390,-2.27355642,0.43132185,1.06382539,-2.24936862,-0.37165151,0.81061258,-2.18819637,0.39852541,0.70119846,-2.11365008,0.00000000,0.00000000,0.00000000,0.16169562,0.19375549,0.21138823,-0.14053666,0.15481460,-0.20268064,-0.14033337,-0.13166862,0.21239080,-0.13045697,-0.14999457,-0.20169835,-0.13045515,0.54567297,0.05735359,0.00470741,0.04205334,0.03851922,0.99836147,0.72244506,0.28313623,0.02115896,0.71574489,-0.13270573,0.02136225,0.39792395,0.25888945,0.03123864,0.41177817,-0.15537342,0.03124046,0.00000000,0.00000000,0.00000000,0.00000000,0.00000000,0.00000000,0.00000000,0.00000000,0.00000000,0.00000000,0.00000000,0.00000000
0.00000000,0.00000000,0.00000000,0.00000000,0.00000000,0.00000000,-0.44194468,1.42455816,-2.28607798,0.45867421,1.21238215,-2.30249181,-0.40030581,0.94014812,-2.24917979,0.41872620,0.82868786,-2.20144029,0.00000000,0.00000000,0.00000000,0.14760328,0.17272847,0.20961924,-0.12641817,0.13401333,-0.20434192,-0.12611826,-0.15197069,0.21029845,-0.11637346,-0.17021376,-0.20367364,-0.11649631,0.56828045,0.06110479,0.00249777,0.04322878,0.03848592,0.99832052,0.72427830,0.28345591,0.02118511,0.71769733,-0.13225961,0.02148502,0.40049930,0.25901895,0.03122982,0.41432992,-0.15512404,0.03110697,0.00000000,0.00000000,0.00000000,0.00000000,0.00000000,0.00000000,0.00000000,0.00000000,0.00000000,0.00000000,0.00000000,0.00000000
0.00000000,0.00000000,0.00000000,0.00000000,0.00000000,0.00000000,-0.46440046,1.53503132,-2.27188559,0.47911386,1.34737146,-2.32211556,-0.41822413,1.06752400,-2.28325057,0.43186957,0.95624647,-2.25628171,0.00000000,0.00000000,0.00000000,0.13805502,0.15214135,0.20863419,-0.11679613,0.11363395,-0.20527914,-0.11678211,-0.17241281,0.20911618,-0.10693913,-0.19061380,-0.20480815,-0.10709408,0.59107012,0.06396444,0.00108371,0.04503657,0.03843194,0.99824522,0.72666442,0.28371294,0.02125888,0.72020041,-0.13193749,0.02127290,0.40304013,0.25915787,0.03111589,0.41682287,-0.15493712,0.03096094,0.00000000,0.00000000,0.00000000,0.00000000,0.00000000,0.00000000,0.00000000,0.00000000,0.00000000,0.00000000,0.00000000,0.00000000
0.00000000,0.00000000,0.00000000,0.00000000,0.00000000,0.00000000,-0.47083154,1.61736000,-2.23204398,0.48572212,1.45710599,-2.30705118,-0.42035189,1.18518782,-2.28638697,0.43220460,1.07593238,-2.27250075,0.00000000,0.00000000,0.00000000,0.13458623,0.13160722,0.20835360,-0.11315757,0.09309627,-0.20554743,-0.11330165,-0.19333899,0.20879513,-0.10359647,-0.21163743,-0.20512035,-0.10346503,0.61416742,0.06606330,0.00057337,0.04775159,0.03843651,0.99811928,0.72931138,0.28394756,0.02142866,0.72284105,-0.13169085,0.02128458,0.40529922,0.25932334,0.03098976,0.41898230,-0.15477041,0.03112120,0.00000000,0.00000000,0.00000000,0.00000000,0.00000000,0.00000000,0.00000000,0.00000000,0.00000000,0.00000000,0.00000000,0.00000000
0.00000000,0.00000000,0.00000000,0.00000000,0.00000000,0.00000000,-0.44979373,1.65619233,-2.15400510,0.46591640,1.52236395,-2.24554944,-0.39890177,1.27714462,-2.24207788,0.41294855,1.17407708,-2.23662658,0.00000000,0.00000000,0.00000000,0.14058894,0.11002684,0.20868870,-0.11935682,0.07113662,-0.20521884,-0.11947748,-0.21608316,0.20923392,-0.10945553,-0.23457109,-0.20468738,-0.10943489,0.63851828,0.06753805,0.00089083,0.05050558,0.03848782,0.99798150,0.73208351,0.28410773,0.02123212,0.72530617,-0.13156758,0.02111146,0.40690721,0.25944187,0.03113341,0.42047217,-0.15466999,0.03115405,0.00000000,0.00000000,0.00000000,0.00000000,0.00000000,0.00000000,0.00000000,0.00000000,0.00000000,0.00000000,0.00000000,0.00000000
0.00000000,0.00000000,0.00000000,0.00000000,0.00000000,0.00000000,-0.40159336,1.64385254,-2.02754846,0.42073265,1.53204327,-2.12708049,-0.35854025,1.33325725,-2.14592729,0.37863154,1.23766384,-2.14311347,0.00000000,0.00000000,0.00000000,0.15810124,0.08673753,0.20982861,-0.13689826,0.04738156,-0.20411708,-0.13708378,-0.24111961,0.21059090,-0.12640546,-0.25984814,-0.20336086,-0.12694305,0.66455466,0.06830831,0.00221699,0.04961358,0.03854445,0.99802200,0.73476176,0.28423054,0.02120298,0.72762005,-0.13152050,0.02101746,0.40783251,0.25956972,0.03169578,0.42125662,-0.15458798,0.03115819,0.00000000,0.00000000,0.00000000,0.00000000,0.00000000,0.00000000,0.00000000,0.00000000,0.00000000,0.00000000,0.00000000,0.00000000
0.00000000,0.00000000,0.00000000,0.00000000,0.00000000,0.00000000,-0.33636371,1.56624744,-1.83040988,0.35845420,1.47351618,-1.93236127,-0.30967387,1.34209409,-1.98669434,0.34737281,1.30519350,-2.01096053,0.00000000,0.00000000,0.00000000,0.18912032,0.06217163,0.21145767,-0.16798523,0.02245221,-0.20255729,-0.16802322,-0.27433913,0.21206426,-0.14742077,-0.28711851,-0.20172782,-0.15772040,0.69186541,0.06874150,0.00381445,0.04164554,0.03856183,0.99838073,0.73744407,0.28438528,0.02113509,0.72996501,-0.13146335,0.02109710,0.40190054,0.25888243,0.04169955,0.42126302,-0.15465389,0.03139992,0.00000000,0.00000000,0.00000000,0.00000000,0.00000000,0.00000000,0.00000000,0.00000000,0.00000000,0.00000000,0.00000000,0.00000000
0.00000000,0.00000000,0.00000000,0.00000000,0.00000000,0.00000000,-0.27416992,1.42151773,-1.54407055,0.29582833,1.35315161,-1.65543361,-0.26324550,1.29297705,-1.74908524,0.33174362,1.40803688,-1.85920758,0.00000000,0.00000000,0.00000000,0.23169574,0.03696355,0.21242713,-0.21063612,-0.00295616,-0.20160964,-0.21035546,-0.32082985,0.21218335,-0.16160574,-0.31655569,-0.20102159,-0.20013392,0.72016024,0.06995413,0.00432707,0.02912384,0.03850157,0.99882466,0.74059384,0.28460282,0.02105962,0.73279616,-0.13128085,0.02134028,0.38388968,0.25670444,0.07009000,0.42008936,-0.15493396,0.03156182,0.00000000,0.00000000,0.00000000,0.00000000,0.00000000,0.00000000,0.00000000,0.00000000,0.00000000,0.00000000,0.00000000,0.00000000
0.00000000,0.00000000,0.00000000,0.00000000,0.00000000,0.00000000,-0.22974512,1.24905241,-1.25659466,0.24969950,1.19327629,-1.31104445,-0.23039593,1.22070301,-1.49074578,0.31237093,1.43248117,-1.64867187,0.00000000,0.00000000,0.00000000,0.27701771,0.01242947,0.21354903,-0.25561057,-0.01499563,-0.20053956,-0.25312571,-0.36457993,0.21250210,-0.18290572,-0.34436278,-0.20026633,-0.24074353,0.74831447,0.07097054,0.00493697,0.01585469,0.03796741,0.99914100,0.74446467,0.28484634,0.02140714,0.74861601,-0.13012868,0.02389200,0.36862710,0.25512583,0.09411199,0.42018226,-0.15490902,0.03627418,0.00000000,0.00000000,0.00000000,0.00000000,0.00000000,0.00000000,0.00000000,0.00000000,0.00000000,0.00000000,0.00000000,0.00000000
0.00000000,0.00000000,0.00000000,0.00000000,0.00000000,0.00000000,-0.21208201,1.15203543,-1.27997437,0.23701430,1.09114444,-1.26848483,-0.21925144,1.19112325,-1.38771052,0.30271819,1.41188369,-1.49043705,0.00000000,0.00000000,0.00000000,0.31048200,0.03660135,0.21512056,-0.27475067,0.02059024,-0.19900092,-0.27386696,-0.39097902,0.21362400,-0.19586250,-0.35478501,-0.19895451,-0.25574461,0.77357767,0.07122633,0.00605558,0.01017794,0.03681231,0.99925202,0.79422348,0.28845953,0.03573133,0.80877975,-0.12571564,0.03661504,0.36791648,0.25545120,0.11461950,0.43442213,-0.15333729,0.05473739,0.00000000,0.00000000,0.00000000,0.00000000,0.00000000,0.00000000,0.00000000,0.00000000,0.00000000,0.00000000,0.00000000,0.00000000
0.00000000,0.00000000,0.00000000,0.00000000,0.00000000,0.00000000,-0.20242180,1.07122097,-1.32902493,0.23179610,1.01496329,-1.29986100,-0.21828628,1.19806676,-1.37847676,0.30362841,1.41201911,-1.42898467,0.00000000,0.00000000,0.00000000,0.33475360,0.06842818,0.21618644,-0.28414501,0.05681588,-0.19790959,-0.28583674,-0.40288685,0.21426568,-0.19825214,-0.35714891,-0.19823109,-0.25751605,0.79749611,0.07157970,0.00678928,0.00716676,0.03612178,0.99929863,0.85011557,0.29214757,0.05060859,0.86847160,-0.12170436,0.04891686,0.38017277,0.25615711,0.13650147,0.45561334,-0.15195349,0.07723755,0.00000000,0.00000000,0.00000000,0.00000000,0.00000000,0.00000000,0.00000000,0.00000000,0.00000000,0.00000000,0.00000000,0.00000000
0.00000000,0.00000000,0.00000000,0.00000000,0.00000000,0.00000000,-0.19667872,1.00629520,-1.37333052,0.23104632,0.95951177,-1.33193786,-0.21971000,1.21588871,-1.40756171,0.30191529,1.39714036,-1.41480651,0.00000000,0.00000000,0.00000000,0.35061506,0.09307621,0.21739634,-0.28786315,0.08642350,-0.19668365,-0.29205172,-0.40183466,0.21522041,-0.20197756,-0.35557200,-0.19736552,-0.25444417,0.82079385,0.07209126,0.00764144,0.00618064,0.03610491,0.99929968,0.89791797,0.29564489,0.06275191,0.92120355,-0.11783338,0.05856334,0.40445806,0.25771301,0.14863750,0.48041273,-0.15045151,0.09617089,0.00000000,0.00000000,0.00000000,0.00000000,0.00000000,0.00000000,0.00000000,0.00000000,0.00000000,0.00000000,0.00000000,0.00000000
0.00000000,0.00000000,0.00000000,0.00000000,0.00000000,0.00000000,-0.19395107,0.96615825,-1.42219918,0.23437128,0.92440935,-1.37222960,-0.22067334,1.23076370,-1.45744331,0.29587445,1.35827250,-1.43111019,0.00000000,0.00000000,0.00000000,0.35814321,0.11165578,0.21895414,-0.28694296,0.10793301,-0.19514435,-0.29306323,-0.38899383,0.21678409,-0.20907920,-0.34979371,-0.19608842,-0.24972576,0.84372800,0.07276918,0.00878281,0.00718731,0.03683781,0.99925681,0.93893092,0.29936206,0.07120025,0.96575974,-0.11388319,0.06507998,0.43980491,0.26027298,0.14906401,0.50934928,-0.14858389,0.10841745,0.00000000,0.00000000,0.00000000,0.00000000,0.00000000,0.00000000,0.00000000,0.00000000,0.00000000,0.00000000,0.00000000,0.00000000
0.00000000,0.00000000,0.00000000,0.00000000,0.00000000,0.00000000,-0.19406988,0.94769442,-1.48561931,0.24123274,0.90451688,-1.42760909,-0.22067913,1.23432577,-1.52604234,0.28757775,1.29279780,-1.47244167,0.00000000,0.00000000,0.00000000,0.35740209,0.12694647,0.22067702,-0.28213048,0.12400067,-0.19347802,-0.28959486,-0.36444162,0.21887160,-0.21840911,-0.33797279,-0.19451466,-0.24443084,0.86622861,0.07362644,0.01010509,0.01003266,0.03817186,0.99916973,0.97592190,0.30336789,0.07527161,1.00466648,-0.10979894,0.06780723,0.48611179,0.26397789,0.13899298,0.54412600,-0.14617226,0.11297125,0.00000000,0.00000000,0.00000000,0.00000000,0.00000000,0.00000000,0.00000000,0.00000000,0.00000000,0.00000000,0.00000000,0.00000000
0.00000000,0.00000000,0.00000000,0.00000000,0.00000000,0.00000000,-0.19945605,0.94122674,-1.58404753,0.25269696,0.89051007,-1.51295280,-0.22057739,1.21385229,-1.61813059,0.28099381,1.19109910,-1.54060364,0.00000000,0.00000000,0.00000000,0.34714527,0.14418001,0.22215243,-0.27227312,0.14086500,-0.19212986,-0.27979057,-0.32493416,0.22121767,-0.22672844,-0.31621395,-0.19288310,-0.23835269,0.88776975,0.07453220,0.01138653,0.01476121,0.03998724,0.99902626,1.01365338,0.30754055,0.07487215,1.04360166,-0.10567114,0.06735471,0.54612783,0.26895510,0.12041683,0.58805793,-0.14310965,0.10879258,0.00000000,0.00000000,0.00000000,0.00000000,0.00000000,0.00000000,0.00000000,0.00000000,0.00000000,0.00000000,0.00000000,0.00000000
0.00000000,0.00000000,0.00000000,0.00000000,0.00000000,0.00000000,-0.21351000,0.93544617,-1.72450564,0.27041226,0.86787943,-1.63048506,-0.22166792,1.15267613,-1.72645397,0.28067701,1.04879813,-1.62678800,0.00000000,0.00000000,0.00000000,0.32844396,0.16768905,0.22304032,-0.25630797,0.16255436,-0.19150281,-0.26156650,-0.27122384,0.22329628,-0.22944136,-0.28212576,-0.19140824,-0.23145175,0.90820008,0.07548452,0.01251687,0.02044090,0.04204918,0.99882799,1.05642386,0.31190853,0.07213598,1.08636900,-0.10158350,0.06687745,0.61906202,0.27504100,0.09900260,0.64327424,-0.13909963,0.09699221,0.00000000,0.00000000,0.00000000,0.00000000,0.00000000,0.00000000,0.00000000,0.00000000,0.00000000,0.00000000,0.00000000,0.00000000
0.00000000,0.00000000,0.00000000,0.00000000,0.00000000,0.00000000,-0.23866344,0.93237082,-1.88783193,0.29854668,0.83182667,-1.77224438,-0.22619841,1.02290274,-1.83675070,0.29103701,0.86014854,-1.70807602,0.00000000,0.00000000,0.00000000,0.30134780,0.19634241,0.22332290,-0.23212758,0.18453837,-0.19152582,-0.23516959,-0.20679610,0.22489205,-0.22288340,-0.23217692,-0.19008797,-0.22275268,0.92778965,0.07639143,0.01374629,0.02531689,0.04389646,0.99862065,1.10360342,0.31621006,0.06922022,1.12854970,-0.09805613,0.06617821,0.70190706,0.28210509,0.07846439,0.71334141,-0.13349309,0.07859512,0.00000000,0.00000000,0.00000000,0.00000000,0.00000000,0.00000000,0.00000000,0.00000000,0.00000000,0.00000000,0.00000000,0.00000000
0.00000000,0.00000000,0.00000000,0.00000000,0.00000000,0.00000000,-0.27662225,0.92948204,-2.05618038,0.34562341,0.77730659,-1.92602937,-0.24227317,0.81546048,-1.93992414,0.31897912,0.64747654,-1.76959736,0.00000000,0.00000000,0.00000000,0.26612974,0.22778854,0.22353963,-0.19704173,0.20437935,-0.19150231,-0.20217433,-0.14129213,0.22648601,-0.20347774,-0.16804184,-0.18873989,-0.20519027,0.94720889,0.07705464,0.01602762,0.02711130,0.04500974,0.99848997,1.15373979,0.32037042,0.06908801,1.16814602,-0.09508146,0.06395541,0.78591864,0.28976297,0.06265200,0.79701489,-0.12617569,0.06093946,0.00000000,0.00000000,0.00000000,0.00000000,0.00000000,0.00000000,0.00000000,0.00000000,0.00000000,0.00000000,0.00000000,0.00000000
0.00000000,0.00000000,0.00000000,0.00000000,0.00000000,0.00000000,-0.32420376,0.88239413,-2.18927813,0.40986782,0.69310778,-2.05061746,-0.28120941,0.57205385,-2.01316833,0.36693069,0.46676865,-1.82575548,0.00000000,0.00000000,0.00000000,0.22413674,0.25845476,0.22338458,-0.15686972,0.22690079,-0.19158091,-0.16914877,-0.08912281,0.22725437,-0.17207678,-0.10576686,-0.18847500,-0.17504847,0.96726695,0.07760656,0.01913118,0.02419751,0.04551395,0.99848734,1.20409504,0.32380158,0.06726702,1.21081653,-0.09230758,0.05498797,0.85763314,0.29570711,0.05205996,0.87927166,-0.11979223,0.04908827,0.00000000,0.00000000,0.00000000,0.00000000,0.00000000,0.00000000,0.00000000,0.00000000,0.00000000,0.00000000,0.00000000,0.00000000
0.00000000,0.00000000,0.00000000,0.00000000,0.00000000,0.00000000,-0.32267568,0.98781071,-2.21818395,0.39933558,0.73829540,-2.01578541,-0.29316387,0.63744704,-2.09347939,0.38851466,0.45054698,-1.84115047,0.00000000,0.00000000,0.00000000,0.19206639,0.24353186,0.22690416,-0.17049584,0.20589928,-0.18962329,-0.17088000,-0.08719295,0.22979363,-0.16075387,-0.11916572,-0.18677909,-0.16085953,0.98909469,0.07856458,0.02152431,0.03358752,0.04576792,0.99815524,1.21046651,0.32713606,0.02157054,1.21173831,-0.09108602,0.02118639,0.88090659,0.29925227,0.03131252,0.88781787,-0.11848847,0.03120685,0.00000000,0.00000000,0.00000000,0.00000000,0.00000000,0.00000000,0.00000000,0.00000000,0.00000000,0.00000000,0.00000000,0.00000000
0.00000000,0.00000000,0.00000000,0.00000000,0.00000000,0.00000000,-0.35991940,1.14522963,-2.29325528,0.42845230,0.87930065,-2.11487646,-0.32459668,0.76601795,-2.20008264,0.41507401,0.55585687,-1.95747499,0.00000000,0.00000000,0.00000000,0.17347691,0.22100061,0.22538072,-0.15218280,0.18406476,-0.19123680,-0.15186420,-0.10544668,0.22835421,-0.14255202,-0.13968370,-0.18827487,-0.14223031,1.01186820,0.08234972,0.02159213,0.03440566,0.04595686,0.99811723,1.21084369,0.32739357,0.02129411,1.21299587,-0.09085251,0.02161271,0.88554664,0.29985262,0.03092489,0.89038692,-0.11815281,0.03124659,0.00000000,0.00000000,0.00000000,0.00000000,0.00000000,0.00000000,0.00000000,0.00000000,0.00000000,0.00000000,0.00000000,0.00000000
0.00000000,0.00000000,0.00000000,0.00000000,0.00000000,0.00000000,-0.38547617,1.29174883,-2.31529860,0.44385855,1.02126329,-2.17627144,-0.35306330,0.90503913,-2.27010846,0.43246239,0.68146654,-2.06086478,0.00000000,0.00000000,0.00000000,0.16102424,0.19864797,0.22305047,-0.13977939,0.16243195,-0.19320114,-0.13950668,-0.12642895,0.22553243,-0.12975053,-0.16044242,-0.19069149,-0.12989793,1.03518975,0.08702540,0.02011602,0.03133042,0.04588658,0.99825256,1.21222227,0.32759144,0.02124485,1.21489344,-0.09022416,0.02151756,0.88832462,0.29981589,0.03127372,0.89318622,-0.11776720,0.03112631,0.00000000,0.00000000,0.00000000,0.00000000,0.00000000,0.00000000,0.00000000,0.00000000,0.00000000,0.00000000,0.00000000,0.00000000
0.00000000,0.00000000,0.00000000,0.00000000,0.00000000,0.00000000,-0.40577570,1.42205541,-2.31397033,0.45704794,1.15468819,-2.21234627,-0.37442372,1.04283885,-2.31424832,0.44557080,0.80602766,-2.13508840,0.00000000,0.00000000,0.00000000,0.15182512,0.17684883,0.22129956,-0.13058783,0.14111554,-0.19464878,-0.13054090,-0.14752459,0.22353794,-0.12041000,-0.18120383,-0.19238846,-0.12072069,1.05855792,0.09104069,0.01882990,0.03030144,0.04590089,0.99830875,1.21407173,0.32782003,0.02123730,1.21715484,-0.08964899,0.02128422,0.89089449,0.29989875,0.03141512,0.89602073,-0.11735751,0.03110443,0.00000000,0.00000000,0.00000000,0.00000000,0.00000000,0.00000000,0.00000000,0.00000000,0.00000000,0.00000000,0.00000000,0.00000000
0.00000000,0.00000000,0.00000000,0.00000000,0.00000000,0.00000000,-0.42044666,1.52933383,-2.29415822,0.46687725,1.27371716,-2.22528386,-0.38486490,1.17128718,-2.33046007,0.45077235,0.92348385,-2.17672539,0.00000000,0.00000000,0.00000000,0.14604236,0.15547050,0.22004246,-0.12499899,0.12028630,-0.19567988,-0.12494069,-0.16869049,0.22236141,-0.11485341,-0.20220421,-0.19337726,-0.11466191,1.08188000,0.09443785,0.01761799,0.03299713,0.04591299,0.99824486,1.21620813,0.32798809,0.02104337,1.21984687,-0.08920460,0.02110167,0.89323691,0.30014361,0.03118895,0.89854041,-0.11690996,0.03138045,0.00000000,0.00000000,0.00000000,0.00000000,0.00000000,0.00000000,0.00000000,0.00000000,0.00000000,0.00000000,0.00000000,0.00000000
0.00000000,0.00000000,0.00000000,0.00000000,0.00000000,0.00000000,-0.42079580,1.60351713,-2.24807215,0.46521249,1.36562083,-2.20525284,-0.37532157,1.27587523,-2.30505242,0.44123595,1.02521985,-2.17511783,0.00000000,0.00000000,0.00000000,0.14648277,0.13424196,0.21941518,-0.12548811,0.09924362,-0.19615707,-0.12501769,-0.19044864,0.22204358,-0.11560855,-0.22416525,-0.19353290,-0.11514162,1.10539621,0.09722319,0.01649041,0.03865246,0.04603218,0.99805566,1.21855152,0.32822059,0.02099466,1.22253225,-0.08880379,0.02146509,0.89503554,0.30050238,0.03087423,0.90029278,-0.11640647,0.03134115,0.00000000,0.00000000,0.00000000,0.00000000,0.00000000,0.00000000,0.00000000,0.00000000,0.00000000,0.00000000,0.00000000,0.00000000
0.00000000,0.00000000,0.00000000,0.00000000,0.00000000,0.00000000,-0.39529338,1.63461721,-2.16403952,0.44450501,1.41747196,-2.13892117,-0.34615474,1.34795299,-2.23561635,0.41737877,1.10413144,-2.12484641,0.00000000,0.00000000,0.00000000,0.15574530,0.11232696,0.21999471,-0.13465797,0.07709626,-0.19552256,-0.13441595,-0.21372917,0.22293482,-0.12469068,-0.24772381,-0.19257926,-0.12453202,1.12988589,0.09888174,0.01613797,0.04346793,0.04612683,0.99785892,1.22108195,0.32844284,0.02108733,1.22498239,-0.08854708,0.02132935,0.89618762,0.30078570,0.03105462,0.90131837,-0.11608510,0.03121328,0.00000000,0.00000000,0.00000000,0.00000000,0.00000000,0.00000000,0.00000000,0.00000000,0.00000000,0.00000000,0.00000000,0.00000000
0.00000000,0.00000000,0.00000000,0.00000000,0.00000000,0.00000000,-0.34397361,1.60977974,-2.02502248,0.40307641,1.41325188,-2.00658219,-0.30298566,1.37901425,-2.11307631,0.38399609,1.15968714,-2.02074730,0.00000000,0.00000000,0.00000000,0.17679276,0.08914455,0.22210446,-0.15542949,0.05345486,-0.19348251,-0.15578074,-0.24045164,0.22497105,-0.14334366,-0.27340452,-0.19047983,-0.14553836,1.15588036,0.09920204,0.01674885,0.04326369,0.04612316,0.99785790,1.22379020,0.32869146,0.02136326,1.22725497,-0.08841078,0.02101202,0.89537931,0.30061744,0.03344909,0.90155604,-0.11609250,0.03125440,0.00000000,0.00000000,0.00000000,0.00000000,0.00000000,0.00000000,0.00000000,0.00000000,0.00000000,0.00000000,0.00000000,0.00000000
0.00000000,0.00000000,0.00000000,0.00000000,0.00000000,0.00000000,-0.28057565,1.51788144,-1.80710137,0.34743775,1.34204130,-1.78693740,-0.25658945,1.36110024,-1.92350798,0.35931447,1.26037574,-1.88837039,0.00000000,0.00000000,0.00000000,0.21121687,0.06479487,0.22505664,-0.18999680,0.02864417,-0.19061033,-0.19022626,-0.28305757,0.22610007,-0.16065468,-0.30130919,-0.18816238,-0.17976056,1.18334451,0.09889918,0.01734882,0.03516416,0.04598029,0.99817249,1.22687462,0.32901653,0.02122007,1.22963496,-0.08821036,0.02099061,0.88044000,0.29762434,0.05056219,0.90089052,-0.11653539,0.03145631,0.00000000,0.00000000,0.00000000,0.00000000,0.00000000,0.00000000,0.00000000,0.00000000,0.00000000,0.00000000,0.00000000,0.00000000
0.00000000,0.00000000,0.00000000,0.00000000,0.00000000,0.00000000,-0.22588859,1.36347818,-1.49764729,0.29237357,1.21427011,-1.48124349,-0.21687832,1.28751719,-1.65382183,0.34466228,1.37178612,-1.72797632,0.00000000,0.00000000,0.00000000,0.25562543,0.03980911,0.22688157,-0.23454486,0.00325701,-0.18859309,-0.23417972,-0.33577633,0.22477101,-0.17303436,-0.33170364,-0.18712362,-0.22427012,1.21197477,0.09985325,0.01649367,0.02256617,0.04587209,0.99855620,1.23063961,0.32944340,0.02108057,1.23265210,-0.08763117,0.02144571,0.85685757,0.29262132,0.08259107,0.89898995,-0.11713304,0.03135531,0.00000000,0.00000000,0.00000000,0.00000000,0.00000000,0.00000000,0.00000000,0.00000000,0.00000000,0.00000000,0.00000000,0.00000000
0.00000000,0.00000000,0.00000000,0.00000000,0.00000000,0.00000000,-0.19574780,1.21584532,-1.27710938,0.26128146,1.07166929,-1.23976533,-0.20059398,1.24139907,-1.45036957,0.32595684,1.37034574,-1.52657657,0.00000000,0.00000000,0.00000000,0.29609751,0.03555066,0.22843937,-0.26993837,0.00029496,-0.18695809,-0.26892216,-0.37378667,0.22473330,-0.19231219,-0.35694659,-0.18672954,-0.25045092,1.23896814,0.10119883,0.01619625,0.01289136,0.04639816,0.99870852,1.25309172,0.33195611,0.02615914,1.25667163,-0.08491941,0.02717535,0.84587818,0.29014806,0.10378532,0.90096110,-0.11795870,0.04564659,0.00000000,0.00000000,0.00000000,0.00000000,0.00000000,0.00000000,0.00000000,0.00000000,0.00000000,0.00000000,0.00000000,0.00000000
0.00000000,0.00000000,0.00000000,0.00000000,0.00000000,0.00000000,-0.18538935,1.12830365,-1.29658871,0.25193844,0.99303412,-1.26261094,-0.20004040,1.23817399,-1.38849738,0.31944149,1.36791596,-1.41198249,0.00000000,0.00000000,0.00000000,0.32487194,0.06652961,0.22821607,-0.28156028,0.03139708,-0.18678975,-0.28487114,-0.39637973,0.22416013,-0.19833841,-0.36759823,-0.18745749,-0.25498548,1.26372314,0.10252458,0.01560007,0.00997013,0.04649300,0.99874703,1.30869427,0.33594772,0.04331166,1.31239172,-0.08052611,0.04000080,0.84817763,0.28876793,0.12653353,0.91519516,-0.11837589,0.06988646,0.00000000,0.00000000,0.00000000,0.00000000,0.00000000,0.00000000,0.00000000,0.00000000,0.00000000,0.00000000,0.00000000,0.00000000
0.00000000,0.00000000,0.00000000,0.00000000,0.00000000,0.00000000,-0.18095167,1.05371678,-1.34201202,0.24683269,0.93726070,-1.29619827,-0.20403554,1.24795797,-1.39341962,0.31796576,1.37360404,-1.37669842,0.00000000,0.00000000,0.00000000,0.34491779,0.09154740,0.22739390,-0.28705937,0.06368436,-0.18726993,-0.29399255,-0.40514095,0.22319785,-0.19835893,-0.36899056,-0.18862068,-0.25264650,1.28738115,0.10386963,0.01477924,0.00943865,0.04667575,0.99875616,1.35725942,0.33882908,0.05785842,1.36830147,-0.07662310,0.05092524,0.86314071,0.28819683,0.14655886,0.93764947,-0.11843544,0.09227128,0.00000000,0.00000000,0.00000000,0.00000000,0.00000000,0.00000000,0.00000000,0.00000000,0.00000000,0.00000000,0.00000000,0.00000000
0.00000000,0.00000000,0.00000000,0.00000000,0.00000000,0.00000000,-0.18021515,0.99980733,-1.39168048,0.24545471,0.90224559,-1.33330402,-0.20811685,1.25848286,-1.42774112,0.31347872,1.36221387,-1.38272569,0.00000000,0.00000000,0.00000000,0.35659864,0.10929115,0.22673390,-0.28832040,0.08938109,-0.18774955,-0.29725627,-0.40164802,0.22283593,-0.20034439,-0.36542604,-0.18941546,-0.24788040,1.31054147,0.10535274,0.01418065,0.01104189,0.04746903,0.99871101,1.39776321,0.34145693,0.06827824,1.41738127,-0.07304045,0.05934237,0.88951305,0.28896115,0.15625425,0.96479610,-0.11797336,0.10871824,0.00000000,0.00000000,0.00000000,0.00000000,0.00000000,0.00000000,0.00000000,0.00000000,0.00000000,0.00000000,0.00000000,0.00000000
0.00000000,0.00000000,0.00000000,0.00000000,0.00000000,0.00000000,-0.18246302,0.97169089,-1.45072067,0.24771415,0.88622725,-1.38222897,-0.21111122,1.26313651,-1.48114204,0.30556893,1.32845426,-1.41731799,0.00000000,0.00000000,0.00000000,0.36000562,0.12187544,0.22635664,-0.28579628,0.10751561,-0.18807750,-0.29537436,-0.38711902,0.22316093,-0.20527783,-0.35718999,-0.18971484,-0.24221160,1.33337370,0.10703613,0.01385931,0.01457532,0.04895270,0.99859857,1.43242946,0.34426788,0.07420933,1.45884064,-0.06957304,0.06463125,0.92620948,0.29109926,0.15472779,0.99654236,-0.11684122,0.11779402,0.00000000,0.00000000,0.00000000,0.00000000,0.00000000,0.00000000,0.00000000,0.00000000,0.00000000,0.00000000,0.00000000,0.00000000
0.00000000,0.00000000,0.00000000,0.00000000,0.00000000,0.00000000,-0.18878671,0.96389955,-1.53534379,0.25421574,0.88311203,-1.45660212,-0.21318934,1.25197625,-1.55755634,0.29628354,1.26465645,-1.48011582,0.00000000,0.00000000,0.00000000,0.35395583,0.13352310,0.22600600,-0.27887483,0.12240315,-0.18846531,-0.28793039,-0.35952754,0.22395315,-0.21188519,-0.34111502,-0.18967676,-0.23595925,1.35553752,0.10882658,0.01362399,0.02028789,0.05103787,0.99839768,1.46518131,0.34733312,0.07508100,1.49662130,-0.06609360,0.06602544,0.97494028,0.29473196,0.14207064,1.03567079,-0.11482943,0.11799658,0.00000000,0.00000000,0.00000000,0.00000000,0.00000000,0.00000000,0.00000000,0.00000000,0.00000000,0.00000000,0.00000000,0.00000000
0.00000000,0.00000000,0.00000000,0.00000000,0.00000000,0.00000000,-0.20207860,0.96070913,-1.66175919,0.26624258,0.87858813,-1.56673152,-0.21580252,1.21431913,-1.65706568,0.28931456,1.16545782,-1.56621339,0.00000000,0.00000000,0.00000000,0.33947049,0.15027586,0.22529064,-0.26657923,0.14135536,-0.18931915,-0.27334989,-0.31840603,0.22472124,-0.21701989,-0.31478111,-0.18962323,-0.22872810,1.37663098,0.11063407,0.01324881,0.02790076,0.05349300,0.99809043,1.50177384,0.35079646,0.07289127,1.53755029,-0.06236321,0.06612061,1.03587835,0.29976282,0.12245060,1.08409870,-0.11178217,0.11074239,0.00000000,0.00000000,0.00000000,0.00000000,0.00000000,0.00000000,0.00000000,0.00000000,0.00000000,0.00000000,0.00000000,0.00000000
0.00000000,0.00000000,0.00000000,0.00000000,0.00000000,0.00000000,-0.22708522,0.95367545,-1.82779579,0.28684552,0.86033040,-1.71065092,-0.22072641,1.12700808,-1.77151024,0.28898515,1.01889502,-1.66592476,0.00000000,0.00000000,0.00000000,0.31650490,0.17445820,0.22395142,-0.24730239,0.16529827,-0.19090815,-0.24960217,-0.26282971,0.22498821,-0.21694741,-0.27453852,-0.18978427,-0.22042421,1.39648455,0.11243918,0.01265140,0.03645356,0.05612598,0.99767778,1.54446960,0.35470004,0.06920252,1.58233145,-0.05852974,0.06690273,1.10987521,0.30622833,0.09955749,1.14519470,-0.10720345,0.09608069,0.00000000,0.00000000,0.00000000,0.00000000,0.00000000,0.00000000,0.00000000,0.00000000,0.00000000,0.00000000,0.00000000,0.00000000
0.00000000,0.00000000,0.00000000,0.00000000,0.00000000,0.00000000,-0.26647939,0.94790930,-2.00414214,0.32171094,0.82382592,-1.87405100,-0.23201091,0.96185534,-1.88344419,0.30072980,0.82054623,-1.75458066,0.00000000,0.00000000,0.00000000,0.28521102,0.20346707,0.22216784,-0.21918498,0.18749870,-0.19286053,-0.21838981,-0.19688638,0.22467638,-0.20786598,-0.21760565,-0.19018258,-0.20895469,1.41552594,0.11408138,0.01219173,0.04373530,0.05851694,0.99725340,1.59130278,0.35874421,0.06602604,1.62450889,-0.05526169,0.06682121,1.19346004,0.31390745,0.07734504,1.22192853,-0.10049186,0.07625633,0.00000000,0.00000000,0.00000000,0.00000000,0.00000000,0.00000000,0.00000000,0.00000000,0.00000000,0.00000000,0.00000000,0.00000000
0.00000000,0.00000000,0.00000000,0.00000000,0.00000000,0.00000000,-0.32708588,0.92774332,-2.17816353,0.38449898,0.75624329,-2.04523039,-0.26259157,0.71826649,-1.98469436,0.33324471,0.59112871,-1.81982160,0.00000000,0.00000000,0.00000000,0.24593669,0.23623867,0.22032395,-0.17868615,0.20924882,-0.19463948,-0.18017831,-0.12924894,0.22419831,-0.18530612,-0.14819650,-0.19086380,-0.18478701,1.43435159,0.11550543,0.01267333,0.04742811,0.06036677,0.99696831,1.64192131,0.36302546,0.06725054,1.66580012,-0.05212861,0.06575838,1.27869526,0.32224507,0.06063057,1.31056824,-0.09202499,0.06114969,0.00000000,0.00000000,0.00000000,0.00000000,0.00000000,0.00000000,0.00000000,0.00000000,0.00000000,0.00000000,0.00000000,0.00000000
0.00000000,0.00000000,0.00000000,0.00000000,0.00000000,0.00000000,-0.32022608,0.95388274,-2.16451359,0.38905675,0.70812471,-2.03498545,-0.28529539,0.50816126,-1.96537228,0.35747059,0.41134478,-1.79686499,0.00000000,0.00000000,0.00000000,0.20489978,0.24637824,0.22056519,-0.17750525,0.20322975,-0.19413511,-0.18381544,-0.08541225,0.22365015,-0.17189430,-0.10171403,-0.19148471,-0.17225654,1.45481494,0.11723421,0.01299422,0.04720193,0.06213429,0.99686632,1.67152792,0.36700755,0.02739453,1.68082617,-0.04982775,0.02108434,1.34197915,0.32838043,0.03300548,1.37796596,-0.08551286,0.03264324,0.00000000,0.00000000,0.00000000,0.00000000,0.00000000,0.00000000,0.00000000,0.00000000,0.00000000,0.00000000,0.00000000,0.00000000
0.00000000,0.00000000,0.00000000,0.00000000,0.00000000,0.00000000,-0.37741173,1.12352962,-2.29343004,0.43425901,0.84363487,-2.15502529,-0.32503405,0.61839988,-2.11710567,0.39892251,0.51871682,-1.94566784,0.00000000,0.00000000,0.00000000,0.17497813,0.22606452,0.22017811,-0.15356019,0.18319055,-0.19513050,-0.15354593,-0.10308945,0.22352539,-0.14405728,-0.11935276,-0.19189223,-0.14383868,1.47473305,0.12015225,0.01413557,0.05125847,0.06209774,0.99665271,1.67128702,0.36703300,0.02141794,1.68102687,-0.05036914,0.02143220,1.34432939,0.32892467,0.03092085,1.38048199,-0.08523628,0.03113945,0.00000000,0.00000000,0.00000000,0.00000000,0.00000000,0.00000000,0.00000000,0.00000000,0.00000000,0.00000000,0.00000000,0.00000000
0.00000000,0.00000000,0.00000000,0.00000000,0.00000000,0.00000000,-0.40884150,1.28153148,-2.32784414,0.45663904,0.98795073,-2.22481894,-0.35888544,0.74827133,-2.21536365,0.42362074,0.64130980,-2.06126475,0.00000000,0.00000000,0.00000000,0.15881471,0.20536563,0.21858005,-0.13757370,0.16195697,-0.19662095,-0.13714324,-0.12213397,0.22141223,-0.12762674,-0.13840210,-0.19385009,-0.12754563,1.49607413,0.12468516,0.01356827,0.04615110,0.06211940,0.99690880,1.67235475,0.36733187,0.02124102,1.68144780,-0.05003308,0.02167147,1.34709371,0.32900088,0.03118797,1.38311999,-0.08501548,0.03126908,0.00000000,0.00000000,0.00000000,0.00000000,0.00000000,0.00000000,0.00000000,0.00000000,0.00000000,0.00000000,0.00000000,0.00000000
0.00000000,0.00000000,0.00000000,0.00000000,0.00000000,0.00000000,-0.43204787,1.42826142,-2.32567596,0.47310418,1.13139503,-2.26908984,-0.38654913,0.88502964,-2.28239245,0.44128095,0.76946458,-2.15046678,0.00000000,0.00000000,0.00000000,0.14722292,0.18422723,0.21682477,-0.12593760,0.13909672,-0.19811134,-0.12590238,-0.14244567,0.21917111,-0.11585257,-0.15854139,-0.19583239,-0.11595201,1.51859139,0.12950791,0.01224131,0.04245934,0.06206832,0.99709321,1.67421079,0.36769955,0.02128532,1.68140603,-0.04962162,0.02132054,1.34981645,0.32911193,0.03137035,1.38582628,-0.08463952,0.03127091,0.00000000,0.00000000,0.00000000,0.00000000,0.00000000,0.00000000,0.00000000,0.00000000,0.00000000,0.00000000,0.00000000,0.00000000
0.00000000,0.00000000,0.00000000,0.00000000,0.00000000,0.00000000,-0.45113993,1.54688561,-2.30597019,0.48665342,1.26456428,-2.28917432,-0.40487713,1.02105141,-2.32343173,0.45355538,0.89675128,-2.21023893,0.00000000,0.00000000,0.00000000,0.13880977,0.16332780,0.21562972,-0.11761454,0.11792904,-0.19915268,-0.11747386,-0.16308262,0.21774342,-0.10757417,-0.17897569,-0.19708136,-0.10791588,1.54146484,0.13370348,0.01118197,0.04132542,0.06210307,0.99715113,1.67651346,0.36808354,0.02119523,1.68339768,-0.04911916,0.02133591,1.35240629,0.32931790,0.03123560,1.38856938,-0.08423308,0.03089389,0.00000000,0.00000000,0.00000000,0.00000000,0.00000000,0.00000000,0.00000000,0.00000000,0.00000000,0.00000000,0.00000000,0.00000000
0.00000000,0.00000000,0.00000000,0.00000000,0.00000000,0.00000000,-0.45726714,1.63241057,-2.26300435,0.49060316,1.37532277,-2.27740340,-0.40885584,1.14924459,-2.33356066,0.45419759,1.01592648,-2.23102789,0.00000000,0.00000000,0.00000000,0.13565788,0.14245465,0.21517243,-0.11448480,0.09712516,-0.19955178,-0.11415514,-0.18420622,0.21729175,-0.10469320,-0.19994823,-0.19749591,-0.10445767,1.56468073,0.13709103,0.01061796,0.04261047,0.06211442,0.99710251,1.67907193,0.36840716,0.02117307,1.68602791,-0.04872896,0.02150274,1.35471655,0.32960773,0.03096468,1.39103509,-0.08388662,0.03120021,0.00000000,0.00000000,0.00000000,0.00000000,0.00000000,0.00000000,0.00000000,0.00000000,0.00000000,0.00000000,0.00000000,0.00000000
0.00000000,0.00000000,0.00000000,0.00000000,0.00000000,0.00000000,-0.44245014,1.68064566,-2.19188943,0.47834365,1.45430684,-2.23168645,-0.39293494,1.25679750,-2.30483103,0.44018654,1.11852996,-2.21164713,0.00000000,0.00000000,0.00000000,0.13939324,0.12107284,0.21533076,-0.11818231,0.07558154,-0.19935700,-0.11817233,-0.20643906,0.21756257,-0.10828104,-0.22211512,-0.19720237,-0.10815325,1.58856736,0.13988978,0.01036476,0.04521644,0.06209831,0.99699140,1.68171523,0.36868978,0.02121094,1.68852430,-0.04843014,0.02122091,1.35650311,0.32988121,0.03111220,1.39290228,-0.08358076,0.03124000,0.00000000,0.00000000,0.00000000,0.00000000,0.00000000,0.00000000,0.00000000,0.00000000,0.00000000,0.00000000,0.00000000,0.00000000
0.00000000,0.00000000,0.00000000,0.00000000,0.00000000,0.00000000,-0.40308200,1.68377433,-2.08256717,0.44471170,1.48748505,-2.13902178,-0.35778942,1.33188105,-2.22946754,0.41035842,1.19209623,-2.14082723,0.00000000,0.00000000,0.00000000,0.15257762,0.09856210,0.21638524,-0.13132558,0.05259764,-0.19833696,-0.13164688,-0.23051837,0.21874525,-0.12127085,-0.24619937,-0.19606296,-0.12135651,1.61372254,0.14195094,0.01071839,0.04643411,0.06210767,0.99693110,1.68438278,0.36898440,0.02125205,1.69076734,-0.04822835,0.02093074,1.35760217,0.33007472,0.03130677,1.39404212,-0.08342724,0.03122112,0.00000000,0.00000000,0.00000000,0.00000000,0.00000000,0.00000000,0.00000000,0.00000000,0.00000000,0.00000000,0.00000000,0.00000000
0.00000000,0.00000000,0.00000000,0.00000000,0.00000000,0.00000000,-0.34325925,1.62958832,-1.91708694,0.39153252,1.45981786,-1.98001566,-0.31082119,1.36319885,-2.09799695,0.37526968,1.24256644,-2.02591205,0.00000000,0.00000000,0.00000000,0.17791149,0.07490423,0.21844427,-0.15660001,0.02840314,-0.19638986,-0.15690280,-0.25749883,0.22043337,-0.14215741,-0.27219909,-0.19423021,-0.14659786,1.64013723,0.14319787,0.01170078,0.04201830,0.06203217,0.99712064,1.68712216,0.36929732,0.02131148,1.69288855,-0.04809513,0.02100869,1.35708218,0.32968208,0.03575409,1.39437819,-0.08356238,0.03131364,0.00000000,0.00000000,0.00000000,0.00000000,0.00000000,0.00000000,0.00000000,0.00000000,0.00000000,0.00000000,0.00000000,0.00000000
0.00000000,0.00000000,0.00000000,0.00000000,0.00000000,0.00000000,-0.27797368,1.50793898,-1.67056549,0.32936424,1.36541784,-1.73705399,-0.26259920,1.34029078,-1.89570475,0.35717350,1.35105276,-1.90325630,0.00000000,0.00000000,0.00000000,0.21627735,0.05054206,0.22062916,-0.19523801,0.00355742,-0.19425555,-0.19493143,-0.29950279,0.22062063,-0.15604775,-0.30014209,-0.19268086,-0.18475600,1.66750315,0.14449160,0.01224987,0.03099119,0.06189093,0.99752644,1.69019237,0.36969579,0.02103934,1.69521025,-0.04781074,0.02134591,1.34287038,0.32612020,0.06022960,1.39367619,-0.08404720,0.03152135,0.00000000,0.00000000,0.00000000,0.00000000,0.00000000,0.00000000,0.00000000,0.00000000,0.00000000,0.00000000,0.00000000,0.00000000
0.00000000,0.00000000,0.00000000,0.00000000,0.00000000,0.00000000,-0.22912215,1.33185935,-1.37254856,0.27781621,1.21859262,-1.42051330,-0.22533430,1.26524305,-1.62416899,0.33842856,1.41392465,-1.72163389,0.00000000,0.00000000,0.00000000,0.26208080,0.02780943,0.22169576,-0.24044189,-0.01322119,-0.19307563,-0.23929130,-0.34584558,0.21965859,-0.17282516,-0.33024902,-0.19224548,-0.22843188,1.69573579,0.14700864,0.01168199,0.01888898,0.06181320,0.99784060,1.69586685,0.37044176,0.02163891,1.70653508,-0.04621759,0.02278951,1.32534249,0.32213107,0.08925564,1.39184650,-0.08466794,0.03364892,0.00000000,0.00000000,0.00000000,0.00000000,0.00000000,0.00000000,0.00000000,0.00000000,0.00000000,0.00000000,0.00000000,0.00000000
0.00000000,0.00000000,0.00000000,0.00000000,0.00000000,0.00000000,-0.20530442,1.20033154,-1.26075232,0.25034060,1.08643277,-1.24000359,-0.21320480,1.23571310,-1.45503285,0.31868449,1.40089827,-1.53511369,0.00000000,0.00000000,0.00000000,0.30033851,0.03175949,0.22216566,-0.27153187,0.00207551,-0.19259512,-0.26851892,-0.37903619,0.21934156,-0.19125184,-0.35363241,-0.19256413,-0.24852038,1.72225133,0.14899918,0.01126431,0.01142790,0.06185224,0.99795632,1.72627652,0.37338734,0.02880664,1.74814213,-0.04185902,0.03181959,1.31898726,0.31975411,0.10908667,1.39516400,-0.08584267,0.05181813,0.00000000,0.00000000,0.00000000,0.00000000,0.00000000,0.00000000,0.00000000,0.00000000,0.00000000,0.00000000,0.00000000,0.00000000
0.00000000,0.00000000,0.00000000,0.00000000,0.00000000,0.00000000,-0.19746593,1.11491714,-1.31332233,0.23983093,1.00815682,-1.27544730,-0.21541458,1.23949351,-1.41098533,0.31073391,1.39599562,-1.43877275,0.00000000,0.00000000,0.00000000,0.32767859,0.06464481,0.22109350,-0.28346670,0.03933200,-0.19342833,-0.28255100,-0.39750493,0.21822913,-0.19716449,-0.36283659,-0.19399706,-0.25029527,1.74679354,0.15083188,0.01018273,0.00926489,0.06172627,0.99799817,1.78365849,0.37821320,0.04421189,1.80969632,-0.03626372,0.04512759,1.32539516,0.31833571,0.13051409,1.41067231,-0.08646070,0.07738332,0.00000000,0.00000000,0.00000000,0.00000000,0.00000000,0.00000000,0.00000000,0.00000000,0.00000000,0.00000000,0.00000000,0.00000000
0.00000000,0.00000000,0.00000000,0.00000000,0.00000000,0.00000000,-0.19453703,1.04077249,-1.35847685,0.23351074,0.94912963,-1.31111243,-0.22081915,1.25074697,-1.41968937,0.30510927,1.39022307,-1.40637920,0.00000000,0.00000000,0.00000000,0.34652549,0.09074134,0.21970996,-0.28972985,0.07121672,-0.19461737,-0.29056800,-0.40296781,0.21703455,-0.19998429,-0.36403662,-0.19555679,-0.24692965,1.77045305,0.15269784,0.00898081,0.00910998,0.06188001,0.99800161,1.83332065,0.38194470,0.05679564,1.86519592,-0.03161583,0.05595749,1.34373394,0.31822080,0.14654120,1.43340138,-0.08638641,0.09959584,0.00000000,0.00000000,0.00000000,0.00000000,0.00000000,0.00000000,0.00000000,0.00000000,0.00000000,0.00000000,0.00000000,0.00000000
0.00000000,0.00000000,0.00000000,0.00000000,0.00000000,0.00000000,-0.19524387,0.99135405,-1.40402710,0.23134285,0.91215235,-1.35230696,-0.22609173,1.26110375,-1.45401561,0.29618210,1.36565542,-1.41026664,0.00000000,0.00000000,0.00000000,0.35699043,0.10963508,0.21856689,-0.29117642,0.09448286,-0.19565815,-0.29277527,-0.39681892,0.21634322,-0.20516609,-0.36056902,-0.19669846,-0.24153015,1.79371324,0.15473396,0.00798934,0.01099575,0.06268688,0.99794069,1.87509349,0.38531712,0.06581400,1.91197088,-0.02754125,0.06421515,1.37291077,0.31964279,0.15182434,1.46063676,-0.08559989,0.11546028,0.00000000,0.00000000,0.00000000,0.00000000,0.00000000,0.00000000,0.00000000,0.00000000,0.00000000,0.00000000,0.00000000,0.00000000
0.00000000,0.00000000,0.00000000,0.00000000,0.00000000,0.00000000,-0.19946068,0.97083174,-1.46284010,0.23323127,0.89652598,-1.40847321,-0.23024131,1.26157033,-1.50980735,0.28466468,1.31664622,-1.44710572,0.00000000,0.00000000,0.00000000,0.35798721,0.12301099,0.21770149,-0.28812726,0.10982874,-0.19648755,-0.28945913,-0.37817604,0.21610966,-0.21274865,-0.35096355,-0.19740703,-0.23542698,1.81653250,0.15688054,0.00716561,0.01501803,0.06419647,0.99779854,1.91057714,0.38857268,0.06985995,1.95067742,-0.02388132,0.06852808,1.41374174,0.32265179,0.14523857,1.49381619,-0.08394956,0.12256023,0.00000000,0.00000000,0.00000000,0.00000000,0.00000000,0.00000000,0.00000000,0.00000000,0.00000000,0.00000000,0.00000000,0.00000000
0.00000000,0.00000000,0.00000000,0.00000000,0.00000000,0.00000000,-0.20779598,0.96554085,-1.54786603,0.23888066,0.89085922,-1.48940887,-0.23414589,1.24559681,-1.58674016,0.27345609,1.24205921,-1.51066959,0.00000000,0.00000000,0.00000000,0.35067418,0.13634655,0.21679867,-0.28090404,0.12392399,-0.19738287,-0.28116577,-0.34777137,0.21595201,-0.22043605,-0.33364643,-0.19800285,-0.22873194,1.83867729,0.15906138,0.00626243,0.02087661,0.06615353,0.99757138,1.94512933,0.39199916,0.06977014,1.98763612,-0.02018265,0.06950841,1.46538273,0.32708328,0.13023813,1.53417345,-0.08136008,0.12194223,0.00000000,0.00000000,0.00000000,0.00000000,0.00000000,0.00000000,0.00000000,0.00000000,0.00000000,0.00000000,0.00000000,0.00000000
0.00000000,0.00000000,0.00000000,0.00000000,0.00000000,0.00000000,-0.22369058,0.96383840,-1.67526753,0.25016654,0.88191309,-1.60626972,-0.23924111,1.20060866,-1.68562090,0.26575447,1.13284423,-1.59975877,0.00000000,0.00000000,0.00000000,0.33490940,0.15515181,0.21561538,-0.26798292,0.14266080,-0.19858957,-0.26559342,-0.30365429,0.21554780,-0.22517396,-0.30567387,-0.19871507,-0.22098844,1.85973843,0.16120830,0.00510223,0.02843772,0.06848250,0.99723388,1.98386629,0.39605793,0.06692649,2.02827724,-0.01594866,0.06931598,1.52940133,0.33309252,0.10973545,1.58419278,-0.07753590,0.11392096,0.00000000,0.00000000,0.00000000,0.00000000,0.00000000,0.00000000,0.00000000,0.00000000,0.00000000,0.00000000,0.00000000,0.00000000
0.00000000,0.00000000,0.00000000,0.00000000,0.00000000,0.00000000,-0.25168983,0.95953866,-1.83966463,0.27049715,0.85794981,-1.75603373,-0.24736401,1.10162227,-1.79593942,0.26547565,0.97540805,-1.70126920,0.00000000,0.00000000,0.00000000,0.31065484,0.18114079,0.21403078,-0.24752977,0.16590090,-0.20020635,-0.24101246,-0.24544534,0.21461707,-0.22334381,-0.26337621,-0.19971219,-0.21222685,1.87959574,0.16327441,0.00364150,0.03660572,0.07099325,0.99679823,2.02846726,0.40088425,0.06312508,2.07227519,-0.01131172,0.06964239,1.60613106,0.34081588,0.08731104,1.64728845,-0.07185387,0.09842799,0.00000000,0.00000000,0.00000000,0.00000000,0.00000000,0.00000000,0.00000000,0.00000000,0.00000000,0.00000000,0.00000000,0.00000000
0.00000000,0.00000000,0.00000000,0.00000000,0.00000000,0.00000000,-0.29413223,0.95926821,-2.01318693,0.30628717,0.81561339,-1.92371345,-0.26317695,0.92313951,-1.90032387,0.27811971,0.76625311,-1.78852224,0.00000000,0.00000000,0.00000000,0.27806973,0.21106164,0.21245442,-0.21757872,0.18696757,-0.20175081,-0.20909881,-0.17809147,0.21346871,-0.21133578,-0.20455105,-0.20075490,-0.19974008,1.89880231,0.16512696,0.00236110,0.04312058,0.07325069,0.99637813,2.07641032,0.40624786,0.06049102,2.11334613,-0.00701023,0.06897093,1.69131938,0.35015748,0.06673396,1.72591797,-0.06346584,0.07832965,0.00000000,0.00000000,0.00000000,0.00000000,0.00000000,0.00000000,0.00000000,0.00000000,0.00000000,0.00000000,0.00000000,0.00000000
0.00000000,0.00000000,0.00000000,0.00000000,0.00000000,0.00000000,-0.34454573,0.94027061,-2.14784856,0.36144496,0.74064974,-2.06560435,-0.29749761,0.67218612,-1.96597450,0.31001622,0.53997903,-1.83721051,0.00000000,0.00000000,0.00000000,0.23730117,0.24097169,0.21143847,-0.18180266,0.20526619,-0.20263403,-0.17845259,-0.11521617,0.21270765,-0.18743807,-0.13758243,-0.20148060,-0.17685457,1.91829665,0.16676394,0.00191951,0.04515382,0.07493733,0.99616356,2.12480696,0.41197217,0.05549852,2.15164889,-0.00276923,0.05884859,1.77246273,0.35977114,0.04986310,1.81251019,-0.05308278,0.06044660,0.00000000,0.00000000,0.00000000,0.00000000,0.00000000,0.00000000,0.00000000,0.00000000,0.00000000,0.00000000,0.00000000,0.00000000
0.00000000,0.00000000,0.00000000,0.00000000,0.00000000,0.00000000,-0.34853700,0.98763719,-2.15612435,0.37678877,0.73796204,-2.09244399,-0.32289310,0.53919522,-1.98032391,0.34166005,0.45949127,-1.88504171,0.00000000,0.00000000,0.00000000,0.19726925,0.24351651,0.21133224,-0.17438246,0.19683543,-0.20262964,-0.17668774,-0.09266671,0.21233247,-0.16662874,-0.10671488,-0.20178424,-0.16206252,1.93920272,0.16870293,0.00191149,0.04613281,0.07595693,0.99604149,2.14773520,0.41462124,0.02288679,2.16457289,-0.00162395,0.02058151,1.81531275,0.36446675,0.03064050,1.86442707,-0.04696706,0.03520672,0.00000000,0.00000000,0.00000000,0.00000000,0.00000000,0.00000000,0.00000000,0.00000000,0.00000000,0.00000000,0.00000000,0.00000000
0.00000000,0.00000000,0.00000000,0.00000000,0.00000000,0.00000000,-0.40325052,1.15955791,-2.27780480,0.42986649,0.88532851,-2.22062511,-0.35754094,0.65355642,-2.11469393,0.38659986,0.57286494,-2.03525157,0.00000000,0.00000000,0.00000000,0.16875264,0.22237102,0.21168617,-0.14763484,0.17631149,-0.20238893,-0.14717295,-0.11114997,0.21295068,-0.13780385,-0.12525279,-0.20116124,-0.13762745,1.96004141,0.17139802,0.00286252,0.04987504,0.07593803,0.99586028,2.14758356,0.41447794,0.02111781,2.16511634,-0.00178193,0.02157969,1.81775971,0.36493930,0.03094879,1.86688212,-0.04649060,0.03112519,0.00000000,0.00000000,0.00000000,0.00000000,0.00000000,0.00000000,0.00000000,0.00000000,0.00000000,0.00000000,0.00000000,0.00000000
0.00000000,0.00000000,0.00000000,0.00000000,0.00000000,0.00000000,-0.43846702,1.31771045,-2.31444325,0.46203987,1.03613381,-2.29447241,-0.38983986,0.78240635,-2.20910711,0.41467869,0.69687083,-2.14322214,0.00000000,0.00000000,0.00000000,0.15174550,0.20124281,0.21076865,-0.13067801,0.15423931,-0.20325923,-0.13025505,-0.13093112,0.21185465,-0.12049290,-0.14501217,-0.20220407,-0.12051234,1.98198212,0.17579626,0.00217121,0.04878250,0.07591412,0.99591797,2.14881704,0.41472763,0.02106750,2.16534894,-0.00163172,0.02149045,1.82034450,0.36526561,0.03125260,1.86942032,-0.04611556,0.03123316,0.00000000,0.00000000,0.00000000,0.00000000,0.00000000,0.00000000,0.00000000,0.00000000,0.00000000,0.00000000,0.00000000,0.00000000
0.00000000,0.00000000,0.00000000,0.00000000,0.00000000,0.00000000,-0.46683776,1.45414591,-2.31624436,0.48672390,1.18687439,-2.33996177,-0.41642287,0.91654241,-2.27132678,0.43452066,0.82813168,-2.22551608,0.00000000,0.00000000,0.00000000,0.13932249,0.18016236,0.20951113,-0.11811948,0.13293502,-0.20443950,-0.11790672,-0.15148373,0.21029006,-0.10805435,-0.16541808,-0.20368543,-0.10816215,2.00461534,0.18072043,0.00064109,0.04785717,0.07593536,0.99596340,2.15083626,0.41518328,0.02120301,2.16708234,-0.00113584,0.02141577,1.82292584,0.36553968,0.03126814,1.87208179,-0.04574316,0.03116034,0.00000000,0.00000000,0.00000000,0.00000000,0.00000000,0.00000000,0.00000000,0.00000000,0.00000000,0.00000000,0.00000000,0.00000000
0.00000000,0.00000000,0.00000000,0.00000000,0.00000000,0.00000000,-0.48303455,1.56220822,-2.29063754,0.50153978,1.32220972,-2.35012832,-0.43075567,1.04930878,-2.30370584,0.44528151,0.95874074,-2.27148223,0.00000000,0.00000000,0.00000000,0.13192149,0.15947593,0.20893194,-0.11066409,0.11212238,-0.20499114,-0.11052773,-0.17216931,0.20956930,-0.10080527,-0.18611189,-0.20437812,-0.10074599,2.02756427,0.18496025,-0.00016993,0.04791423,0.07596687,0.99595845,2.15343006,0.41570454,0.02125739,2.16954206,-0.00060674,0.02139376,1.82554138,0.36592521,0.03111622,1.87467983,-0.04533174,0.03117549,0.00000000,0.00000000,0.00000000,0.00000000,0.00000000,0.00000000,0.00000000,0.00000000,0.00000000,0.00000000,0.00000000,0.00000000
0.00000000,0.00000000,0.00000000,0.00000000,0.00000000,0.00000000,-0.48148298,1.63828869,-2.24009013,0.50058296,1.43125579,-2.32734370,-0.42804887,1.17101097,-2.30371947,0.44226182,1.07992108,-2.27962642,0.00000000,0.00000000,0.00000000,0.13063525,0.13867422,0.20891520,-0.10932197,0.09112179,-0.20500396,-0.10931972,-0.19348429,0.20956766,-0.09958847,-0.20751303,-0.20437974,-0.09938474,2.05093158,0.18854968,-0.00027546,0.04907076,0.07600608,0.99589912,2.15621851,0.41612552,0.02131328,2.17217248,-0.00021062,0.02131553,1.82782491,0.36625221,0.03104679,1.87691687,-0.04501319,0.03125051,0.00000000,0.00000000,0.00000000,0.00000000,0.00000000,0.00000000,0.00000000,0.00000000,0.00000000,0.00000000,0.00000000,0.00000000
0.00000000,0.00000000,0.00000000,0.00000000,0.00000000,0.00000000,-0.45718278,1.67588239,-2.15877843,0.47778493,1.50284860,-2.26703548,-0.40521488,1.26962757,-2.26276779,0.42205426,1.18079116,-2.24357309,0.00000000,0.00000000,0.00000000,0.13722896,0.11698796,0.20934167,-0.11602294,0.06900006,-0.20458982,-0.11607678,-0.21633257,0.21011409,-0.10607897,-0.23045607,-0.20384747,-0.10598647,2.07529534,0.19177883,0.00012242,0.05071237,0.07602995,0.99581509,2.15905536,0.41648837,0.02120602,2.17463282,0.00007576,0.02115219,1.82950125,0.36651573,0.03114999,1.87855309,-0.04477197,0.03124249,0.00000000,0.00000000,0.00000000,0.00000000,0.00000000,0.00000000,0.00000000,0.00000000,0.00000000,0.00000000,0.00000000,0.00000000
0.00000000,0.00000000,0.00000000,0.00000000,0.00000000,0.00000000,-0.40812433,1.66450319,-2.03392968,0.43098720,1.52285554,-2.15601988,-0.36430078,1.33251257,-2.17151260,0.38601274,1.24710295,-2.15301418,0.00000000,0.00000000,0.00000000,0.15427080,0.09383228,0.21033633,-0.13312565,0.04522839,-0.20363371,-0.13320739,-0.24129149,0.21128136,-0.12297781,-0.25555639,-0.20271870,-0.12309259,2.10112398,0.19465326,0.00120018,0.04985294,0.07609994,0.99585242,2.16179622,0.41683505,0.02114515,2.17686546,0.00029400,0.02106341,1.83044501,0.36668317,0.03129299,1.87945650,-0.04465296,0.03117821,0.00000000,0.00000000,0.00000000,0.00000000,0.00000000,0.00000000,0.00000000,0.00000000,0.00000000,0.00000000,0.00000000,0.00000000
0.00000000,0.00000000,0.00000000,0.00000000,0.00000000,0.00000000,-0.34074962,1.58989859,-1.84405208,0.36661291,1.47569704,-1.97264206,-0.31376401,1.34905732,-2.02040720,0.34916547,1.29070020,-2.02005696,0.00000000,0.00000000,0.00000000,0.18443462,0.06947425,0.21199830,-0.16319957,0.02037074,-0.20204604,-0.16337766,-0.26944181,0.21284898,-0.14717284,-0.28251650,-0.20107960,-0.15310447,2.12817124,0.19711298,0.00302706,0.04229944,0.07610681,0.99619744,2.16451934,0.41722379,0.02123505,2.17910126,0.00053297,0.02105696,1.82943395,0.36640448,0.03726178,1.87960604,-0.04468016,0.03133015,0.00000000,0.00000000,0.00000000,0.00000000,0.00000000,0.00000000,0.00000000,0.00000000,0.00000000,0.00000000,0.00000000,0.00000000
0.00000000,0.00000000,0.00000000,0.00000000,0.00000000,0.00000000,-0.27743874,1.44082220,-1.56168699,0.30202667,1.35575752,-1.69465659,-0.26613313,1.30005562,-1.78239641,0.33447766,1.39549718,-1.87546704,0.00000000,0.00000000,0.00000000,0.22791043,0.04453342,0.21310049,-0.20677240,-0.00355991,-0.20097995,-0.20624362,-0.31485688,0.21291090,-0.16113184,-0.31170290,-0.20030675,-0.19637638,2.15605763,0.20033816,0.00398774,0.02928931,0.07607885,0.99666356,2.16765202,0.41773323,0.02113803,2.18311580,0.00115616,0.02166681,1.81247411,0.36286900,0.06677859,1.87845739,-0.04505867,0.03153405,0.00000000,0.00000000,0.00000000,0.00000000,0.00000000,0.00000000,0.00000000,0.00000000,0.00000000,0.00000000,0.00000000,0.00000000
0.00000000,0.00000000,0.00000000,0.00000000,0.00000000,0.00000000,-0.23474450,1.27460544,-1.31992440,0.25568369,1.20405917,-1.38462999,-0.23249211,1.22690127,-1.52035427,0.31510060,1.42647486,-1.67232411,0.00000000,0.00000000,0.00000000,0.27302199,0.02453391,0.21389470,-0.25063144,-0.00887862,-0.20025698,-0.24726990,-0.35896194,0.21288825,-0.18052320,-0.34080799,-0.19986368,-0.23658599,2.18405836,0.20369958,0.00457478,0.01785374,0.07555844,0.99697103,2.17603148,0.41884702,0.02239055,2.20550311,0.00439627,0.02575209,1.79707976,0.35997703,0.09249879,1.87731603,-0.04530789,0.03643600,0.00000000,0.00000000,0.00000000,0.00000000,0.00000000,0.00000000,0.00000000,0.00000000,0.00000000,0.00000000,0.00000000,0.00000000
0.00000000,0.00000000,0.00000000,0.00000000,0.00000000,0.00000000,-0.21504114,1.16012504,-1.29314888,0.23508027,1.08530862,-1.26767130,-0.22345741,1.20911207,-1.39276981,0.30256923,1.41489837,-1.50486372,0.00000000,0.00000000,0.00000000,0.30865119,0.03750212,0.21446905,-0.27617011,0.02033646,-0.19970678,-0.27139730,-0.38917618,0.21307629,-0.19417521,-0.35948049,-0.19966799,-0.25082258,2.20997222,0.20600999,0.00505778,0.01169022,0.07413110,0.99716716,2.21532033,0.42366747,0.03248108,2.25964096,0.01151221,0.03725389,1.79354690,0.35914245,0.11447598,1.88400095,-0.04466163,0.05782861,0.00000000,0.00000000,0.00000000,0.00000000,0.00000000,0.00000000,0.00000000,0.00000000,0.00000000,0.00000000,0.00000000,0.00000000
0.00000000,0.00000000,0.00000000,0.00000000,0.00000000,0.00000000,-0.20693549,1.07338350,-1.34048603,0.22718765,1.00734031,-1.30106211,-0.22601398,1.22268662,-1.37484722,0.29926187,1.41274545,-1.42698982,0.00000000,0.00000000,0.00000000,0.33418578,0.06964681,0.21420508,-0.28681695,0.05714550,-0.19990101,-0.28402156,-0.40448764,0.21269617,-0.19747208,-0.36609123,-0.20020779,-0.24999290,2.23417991,0.20821559,0.00481935,0.00975834,0.07293144,0.99727757,2.27189954,0.43027802,0.04736883,2.31981924,0.01876394,0.05016422,1.80303634,0.35975811,0.13671370,1.90113648,-0.04315668,0.08419288,0.00000000,0.00000000,0.00000000,0.00000000,0.00000000,0.00000000,0.00000000,0.00000000,0.00000000,0.00000000,0.00000000,0.00000000
