motion,source_dir,path,frames,duration_s,speed_abs_mean,speed_abs_p90,forward_speed_mean,lateral_speed_mean,yaw_rate_abs_mean,body_height_mean,body_height_min,body_height_max,body_bounce_std,roll_abs_mean,roll_std,pitch_abs_mean,pitch_std,joint_limit_violation_count,foot_clearance_mean,foot_clearance_max,contact_duty_factor_mean,step_frequency_hz,foot_slip_speed_mean,style_guess
go2_retarget_canter_2ms,animal_mocap,imitation_data\animal_mocap\go2_retarget_canter_2ms.csv,1001,20.02,2.0236761101919027,2.1745454675390024,2.020101310859141,-0.09592709176416583,0.22151219610242756,0.251288767012987,0.16015552,0.29101753,0.01924728471556597,0.03994515729570078,0.03172470644839394,0.0888900915238221,0.10281222033253337,0,0.162882725125,0.247349455,0.3006993006993007,2.947052947052947,,active
go2_retarget_jump,animal_mocap,imitation_data\animal_mocap\go2_retarget_jump.csv,1001,20.02,1.5122166853522205,1.6523154153214517,1.5102724182017981,-0.0017979663118241754,0.20075943505983018,0.28769336525474526,0.21488523,0.35477984,0.034540420838007374,0.07142872500887981,0.03584394303301271,0.19591013425146925,0.2210733723580594,0,0.281202324075,0.30393621,0.3006993006993007,2.3226773226773227,,active
go2_retarget_pace,animal_mocap,imitation_data\animal_mocap\go2_retarget_pace.csv,1001,20.02,1.033057836431088,1.0759863311180693,1.0188940492407592,-0.05609874989957742,0.09544205796957043,0.31450762688311684,0.26451397,0.32466328,0.006009097541841762,0.0517667924069793,0.023618127889930427,0.07531630447194675,0.01468796534785486,0,0.0419432275,0.06592081,0.3006993006993007,3.021978021978022,,active
go2_retarget_trot,animal_mocap,imitation_data\animal_mocap\go2_retarget_trot.csv,1001,20.02,1.4771845773843757,1.520389531386391,1.4767085654245755,-0.021693351906373625,0.1802957598416883,0.2872435384115884,0.23223735,0.32219267,0.010260478526606028,0.024382966331448333,0.02887255572886822,0.022023972200940923,0.022558615900656623,0,0.17630190974999999,0.23953898599999998,0.3006993006993007,2.4225774225774224,,active
hopturn_go2_STMR_resampled_50Hz,animal_mocap,imitation_data\animal_mocap\hopturn_go2_STMR_resampled_50Hz.csv,181,3.62,0.0397928106430813,0.08854730374212408,-0.011092541436464086,0.002381215469613258,1.4184191348782709,0.2930332044198895,0.18806,0.43019,0.05896274351086776,0.01269698209814475,0.01775985857498633,0.018723304743552344,0.02920840151849522,0,0.1260475,0.13679000000000002,0.30386740331491713,1.3812154696132597,,active
sidesteps_go1_STMR_resampled_50Hz,animal_mocap,imitation_data\animal_mocap\sidesteps_go1_STMR_resampled_50Hz.csv,380,7.6,0.18048995434597492,0.5367206821928363,0.0010421052631578863,-0.0024111842105263197,0.0776397698549225,0.3244780789473684,0.265,0.37439,0.03006495738167923,0.04498426795578856,0.05568253434061141,0.008178329400955668,0.007825634650675872,0,0.15503225,0.16523400000000005,0.3,1.0855263157894737,,active
ai4_dog_canter,kine2go,imitation_data\kine2go\ai4_dog_canter.csv,473,9.46,0.8745719872195239,2.8180228203532582,0.8589273069344608,-0.09221587953488372,0.1878641485200846,0.21355340488372096,0.14520755,0.36827188,0.08844323197914726,0.079610519860934,0.058913513575340554,0.6165608791812871,0.41440145521450916,0,0.1839446005,0.191980196,0.30021141649048627,1.109936575052854,2.1396934853673035,active
ai4_dog_left_turn,kine2go,imitation_data\kine2go\ai4_dog_left_turn.csv,3613,72.26,0.3975991322695123,0.7445914338039757,0.32209465986437863,-0.04595850598948242,0.7310286134680322,0.32070682768059794,0.14744413,0.33961797,0.019170170514918084,0.0425621676343313,0.04620832840237857,0.06444982685345765,0.10108679828907868,0,0.07544612649999996,0.09425541400000001,0.3000276778300581,1.238582895101024,0.10598392361804941,calm
ai4_dog_pace,kine2go,imitation_data\kine2go\ai4_dog_pace.csv,494,9.88,0.7996835136919022,1.007515699507975,0.7919892563562754,-0.07523094748987855,0.3393245983198381,0.30384318568825913,0.14741525,0.33744657,0.05550329737019568,0.03827590504452182,0.043281415543166946,0.1378297598556898,0.26733359302851445,0,0.17918256024999998,0.18084791299999994,0.29959514170040485,1.6194331983805665,0.23881733908335862,active
ai4_dog_right_turn,kine2go,imitation_data\kine2go\ai4_dog_right_turn.csv,3613,72.26,0.3975991322695123,0.7445914338039757,0.32209465986437863,-0.04595850598948242,0.7310286134680322,0.32070682768059794,0.14744413,0.33961797,0.019170170514918084,0.0425621676343313,0.04620832840237857,0.06444982685345765,0.10108679828907868,0,0.07544612649999996,0.09425541400000001,0.3000276778300581,1.238582895101024,0.10598392361804941,calm
ai4_dog_run_00,kine2go,imitation_data\kine2go\ai4_dog_run_00.csv,473,9.46,0.8745719872195239,2.8180228203532582,0.8589273069344608,-0.09221587953488372,0.1878641485200846,0.21355340488372096,0.14520755,0.36827188,0.08844323197914726,0.079610519860934,0.058913513575340554,0.6165608791812871,0.41440145521450916,0,0.1839446005,0.191980196,0.30021141649048627,1.109936575052854,2.1396934853673035,active
ai4_dog_run_02,kine2go,imitation_data\kine2go\ai4_dog_run_02.csv,169,3.38,2.4389243988979334,3.0048714964712104,2.42761865591716,-0.1897064994674556,0.4191518987573964,0.33494865059171597,0.292211,0.36382926,0.015899368783096134,0.04049246296218613,0.04697532107886459,0.10657416919142082,0.11983909943622613,0,0.16233806149999996,0.19651388800000003,0.30177514792899407,2.1449704142011834,0.862690404372171,active
ai4_dog_run_04,kine2go,imitation_data\kine2go\ai4_dog_run_04.csv,1053,21.06,0.33671616606341653,1.6591991614227877,0.3018024507597341,-0.028949628100664766,0.1424387788983856,0.18874781263057933,0.14590303,0.33903719,0.06907858774758038,0.06351117555059974,0.04664764574714684,0.7053406962275064,0.3482839346196991,0,0.167022235,0.172241674,0.30009496676163344,0.9971509971509973,1.0721208322216884,active
ai4_dog_synth_circle_walk,kine2go,imitation_data\kine2go\ai4_dog_synth_circle_walk.csv,673,13.46,0.9153503956101152,1.1494855065961596,0.8591795484101041,-0.3074494883358098,0.4478934460475483,0.31901969499257055,0.30021927,0.3347348,0.005854520734685551,0.032026695065802684,0.03637086691019982,0.025404222147751638,0.029272936824295576,0,0.06373209049999998,0.075608328,0.300148588410104,1.6344725111441307,0.3088494956370849,active
ai4_dog_synth_eight_walk,kine2go,imitation_data\kine2go\ai4_dog_synth_eight_walk.csv,980,19.6,0.5523072179535043,0.7038360285324504,0.4914441083265306,0.06249624195918369,1.9136562146836735,0.32191348359183675,0.31231461,0.33975989,0.004141524083780393,0.03142160575137113,0.03488299908935396,0.025569288006704004,0.020150510574888727,0,0.0540663785,0.06229870499999998,0.3,1.5561224489795917,0.3123148089307947,calm
ai4_dog_synth_ellipse_walk,kine2go,imitation_data\kine2go\ai4_dog_synth_ellipse_walk.csv,983,19.66,0.8829507700044253,1.0176719914172552,0.8721441321057986,0.04586162702950153,0.5536598312919634,0.3239584819023398,0.31094262,0.33108831,0.0039489127238108756,0.029717173315715134,0.032349417409420794,0.022564022352593586,0.021442782809303725,0,0.052588306249999994,0.06090431499999999,0.30010172939979657,1.6531027466937944,0.2941013813895717,active
ai4_dog_synth_half_flip_jump,kine2go,imitation_data\kine2go\ai4_dog_synth_half_flip_jump.csv,983,19.66,0.8829507700044253,1.0176719914172552,0.8721441321057986,0.04586162702950153,0.5536598312919634,0.3239584819023398,0.31094262,0.33108831,0.0039489127238108756,0.029717173315715134,0.032349417409420794,0.022564022352593586,0.021442782809303725,0,0.052588306249999994,0.06090431499999999,0.30010172939979657,1.6531027466937944,0.2941013813895717,active
ai4_dog_synth_square_walk,kine2go,imitation_data\kine2go\ai4_dog_synth_square_walk.csv,930,18.6,0.9274088676912022,1.0668065959516697,0.9153781003333334,0.06138749074193548,0.5689234396989248,0.3234766521827957,0.30713526,0.33830789,0.005143511090047706,0.031847057402823266,0.03584743672286504,0.023861410744724636,0.023950618174469477,0,0.055524218999999986,0.06294848549999998,0.3,1.7204301075268815,0.31029970382015803,active
ai4_dog_synth_tight_strafe,kine2go,imitation_data\kine2go\ai4_dog_synth_tight_strafe.csv,867,17.34,0.5526492750823246,0.6713349278697432,0.49019909111880045,-0.027133720761245678,1.4236326152018453,0.3212910010265283,0.30585238,0.33643925,0.004747480279923863,0.035426143967517525,0.031054724507084856,0.031099333168893458,0.02816302178787979,0,0.05310568874999998,0.06526602199999998,0.29988465974625145,1.441753171856978,0.2616058360343044,calm
ai4_dog_synth_wide_strafe,kine2go,imitation_data\kine2go\ai4_dog_synth_wide_strafe.csv,974,19.48,0.9708697883367882,1.2807303663795828,0.9282550328234087,-0.01203541200205339,0.4147796398973306,0.3185810703696098,0.29931425,0.33834417,0.005645197186907708,0.04183597959021963,0.045653642431826215,0.02062701126232626,0.02513077548701211,0,0.061044556250000014,0.0715644695,0.2997946611909651,1.681211498973306,0.3474417918351416,active
ai4_dog_trot_00,kine2go,imitation_data\kine2go\ai4_dog_trot_00.csv,457,9.14,0.8415764271448497,1.5265754198731643,0.8361581325820568,0.010743854442013128,0.26096954369803066,0.3220908661487965,0.28670001,0.3410576,0.009822586407960522,0.04479213222866533,0.045942177407199566,0.05858620710935893,0.029867436641191653,0,0.07721628099999997,0.09520498399999996,0.29978118161925604,1.5590809628008753,0.07708474250300174,active
ai4_dog_trot_01,kine2go,imitation_data\kine2go\ai4_dog_trot_01.csv,1053,21.06,0.33671616606341653,1.6591991614227877,0.3018024507597341,-0.028949628100664766,0.1424387788983856,0.18874781263057933,0.14590303,0.33903719,0.06907858774758038,0.06351117555059974,0.04664764574714684,0.7053406962275064,0.3482839346196991,0,0.167022235,0.172241674,0.30009496676163344,0.9971509971509973,1.0721208322216884,active
ai4_dog_walk_00,kine2go,imitation_data\kine2go\ai4_dog_walk_00.csv,494,9.88,0.7996835136919022,1.007515699507975,0.7919892563562754,-0.07523094748987855,0.3393245983198381,0.30384318568825913,0.14741525,0.33744657,0.05550329737019568,0.03827590504452182,0.043281415543166946,0.1378297598556898,0.26733359302851445,0,0.17918256024999998,0.18084791299999994,0.29959514170040485,1.6194331983805665,0.23881733908335862,active
ai4_dog_walk_01,kine2go,imitation_data\kine2go\ai4_dog_walk_01.csv,894,17.88,0.572150285052225,0.8757298029581416,0.5621902450559285,-0.015427902438478747,0.4794393993959732,0.28075814638702457,0.13918423,0.3366191,0.0766215477525533,0.03766184209487705,0.03698609547704134,0.2475879201675646,0.3627252424429784,0,0.179642253375,0.18185435149999998,0.29977628635346754,1.5659955257270695,0.2198464174262768,active
ai4_dog_walk_02,kine2go,imitation_data\kine2go\ai4_dog_walk_02.csv,759,15.18,0.5765769553940578,1.0684058617360908,0.5396939401054018,-0.026474228050065874,0.5059066764822134,0.26420079890645587,0.15101226,0.34176049,0.07720038175955865,0.04755690973391613,0.04503541547655544,0.3234991574753496,0.37603225170581034,0,0.17143025950000002,0.174990414,0.30039525691699603,1.2681159420289856,0.2762499121153954,active
ai4_dog_walk_03,kine2go,imitation_data\kine2go\ai4_dog_walk_03.csv,457,9.14,0.8415764271448497,1.5265754198731643,0.8361581325820568,0.010743854442013128,0.26096954369803066,0.3220908661487965,0.28670001,0.3410576,0.009822586407960522,0.04479213222866533,0.045942177407199566,0.05858620710935893,0.029867436641191653,0,0.07721628099999997,0.09520498399999996,0.29978118161925604,1.5590809628008753,0.07708474250300174,active
ai4_dog_walk_04,kine2go,imitation_data\kine2go\ai4_dog_walk_04.csv,457,9.14,0.9434395079415324,1.7356303595006102,0.932008846498906,-0.06447222507658644,0.232509782428884,0.25283780665207883,0.14367305,0.34326613,0.08338343095225341,0.05613824970331224,0.053609760690594414,0.3791831052557336,0.4149377436828429,0,0.1762672425,0.17815964,0.29978118161925604,0.9573304157549233,0.6620602172625524,active
ai4_dog_walk_06,kine2go,imitation_data\kine2go\ai4_dog_walk_06.csv,1123,22.46,0.2892908005316517,1.4209081938976345,0.2650160689581478,-0.011732820792520034,0.10185233450578808,0.15388619804986645,0.0964517,0.35200122,0.08456497791564999,0.03476944903217132,0.033282303861713596,0.13060185503915453,0.06384512411624524,0,0.21571250600000003,0.23415759499999997,0.30008904719501334,0.9906500445235974,0.9327480161683845,active
solo8_crawl_fast,kine2go,imitation_data\kine2go\solo8_crawl_fast.csv,100,2.0,0.0,0.0,0.0,0.0,0.0,0.2151954756,0.18383136,0.41967118,0.04088069403109356,0.022447206716387877,0.011022494856186137,0.05036029998521529,0.01886658523774596,0,0.103432265375,0.1403873875,0.3,2.875,0.9870412147306183,active
solo8_crawl_slow,kine2go,imitation_data\kine2go\solo8_crawl_slow.csv,100,2.0,0.0,0.0,0.0,0.0,0.0,0.1543765391,0.11461563,0.43507814,0.06907642561199662,0.017881619708648214,0.013136579007387074,0.03338968331645843,0.04073219348916542,0,0.137781686,0.14963480599999998,0.3,1.75,0.28357817434620236,active
solo8_jump_forward_a,kine2go,imitation_data\kine2go\solo8_jump_forward_a.csv,100,2.0,0.0,0.0,0.0,0.0,0.0,0.2690080901,0.1509572,0.42084274,0.07519837731065844,0.050219042803487345,0.04011474646195261,0.05651668131023482,0.06857338867208636,0,0.15151492125,0.17798211049999998,0.3,3.0,2.519657463421399,active
solo8_jump_forward_b,kine2go,imitation_data\kine2go\solo8_jump_forward_b.csv,100,2.0,0.0,0.0,0.0,0.0,0.0,0.244868263,0.13063525,0.41117182,0.08229785224937161,0.024547389328425435,0.01113385927548181,0.05552743822728792,0.03091345083962034,0,0.153457181625,0.17534105400000002,0.3,2.5,2.1122377114178628,active
solo8_scoot_forward,kine2go,imitation_data\kine2go\solo8_scoot_forward.csv,100,2.0,0.0,0.0,0.0,0.0,0.0,0.2528867787,0.16836931,0.41051498,0.05195145248640393,0.02267223828038232,0.014316843828783895,0.18293950303471201,0.16570805367338043,0,0.14142855525,0.19677812650000004,0.3,2.5,1.1977278515149452,active
solo8_walk,kine2go,imitation_data\kine2go\solo8_walk.csv,100,2.0,0.0,0.0,0.0,0.0,0.0,0.3139965671,0.28697142,0.39705703,0.016384624322369326,0.015923495694407,0.017844478353449177,0.01245133352636671,0.014079884587150053,0,0.05310477412500002,0.06261804549999997,0.3,2.25,0.18114283849071017,active
vhdc_horse1_s1_trot_01,kine2go,imitation_data\kine2go\vhdc_horse1_s1_trot_01.csv,500,10.0,0.6597286320621398,0.7367438103222654,0.65883528848,0.0171637532,0.19610242292000002,0.34364209773999993,0.27550642,0.40243286,0.03504824573743692,4.076263623069221e-07,7.841948562879873e-07,0.014112392572548505,0.007067415730119264,0,0.030017041249999987,0.03892030799999996,0.3,1.6,0.15686281851342973,active
vhdc_horse1_s1_trot_02,kine2go,imitation_data\kine2go\vhdc_horse1_s1_trot_02.csv,500,10.0,0.6598623099718938,0.7383740359928579,0.6588976013,0.012374207520000001,0.19522680120000002,0.33530805164000005,0.27307869,0.39420918,0.0332070624639087,4.469372584739432e-07,8.663018043412683e-07,0.01496598486413628,0.007262406519104176,0,0.02972064399999999,0.03923599350000001,0.3,1.7000000000000002,0.15855427347369935,active
vhdc_horse1_s1_trot_03,kine2go,imitation_data\kine2go\vhdc_horse1_s1_trot_03.csv,500,10.0,0.6547199201298788,0.7346225027857343,0.6537957312,0.00466773504,0.18976621789999998,0.33550868734000006,0.27664304,0.39440383,0.03142062453454066,3.5481908530453017e-07,6.968385387284528e-07,0.013503845153815544,0.006217577557876834,0,0.028645697874999987,0.03727418900000001,0.3,1.8250000000000002,0.16194354300083108,active
vhdc_horse1_s1_walk_01,kine2go,imitation_data\kine2go\vhdc_horse1_s1_walk_01.csv,500,10.0,0.34990034751266286,0.40558843909892744,0.34870498727999993,0.0111086538,0.15017509256,0.29354893528000003,0.27251789,0.31277611,0.008837110417547067,1.2425791977183938e-06,1.8431303141994577e-06,0.03403355912686557,0.039275956537881566,0,0.020290438374999983,0.023057765499999994,0.3,1.6,0.05188174678497384,calm
vhdc_horse1_s1_walk_02,kine2go,imitation_data\kine2go\vhdc_horse1_s1_walk_02.csv,500,10.0,0.34369086460961507,0.3946773008477081,0.34263732159999993,0.008958481340000001,0.15154606926,0.29086499089999995,0.2712721,0.31069996,0.008582600970096662,1.2570323938217955e-06,1.8817873398340194e-06,0.03225518781838821,0.0370231516807092,0,0.020158500750000002,0.023460828499999975,0.3,1.5250000000000001,0.04606638572807381,calm
vhdc_horse1_s1_walk_03,kine2go,imitation_data\kine2go\vhdc_horse1_s1_walk_03.csv,500,10.0,0.34682494271700565,0.4050428771179684,0.34527626516000004,0.01338405356,0.15350799112,0.29499316153999994,0.27324747,0.3141571,0.009703448644771127,1.3170046138990185e-06,1.9888080373863675e-06,0.033484921939926804,0.03838982731825453,0,0.021195992499999983,0.025991579499999973,0.3,1.525,0.04755582841291927,calm
vhdc_horse1_s2_trot_01,kine2go,imitation_data\kine2go\vhdc_horse1_s2_trot_01.csv,1000,20.0,0.6524491809558944,0.7611623149260061,0.6513195990499998,0.01420412072,0.18173534182,0.31089854604,0.27600043,0.3406059,0.015723911821828734,1.3062383696843054e-07,2.0406869996229282e-07,0.024035142253598228,0.008272139259733392,0,0.03046951874999998,0.04370948799999996,0.3,1.15,0.06959677283569221,calm
vhdc_horse1_s2_trot_02,kine2go,imitation_data\kine2go\vhdc_horse1_s2_trot_02.csv,1000,20.0,0.6505035517745847,0.7633121998693048,0.6489656312499998,0.014786213680000002,0.18472794579000001,0.31307280545,0.27728913,0.34656634,0.017585855685100932,1.4335385273642725e-07,2.234991866393264e-07,0.021614449097252842,0.008818957587437677,0,0.030955764249999997,0.04490072450000002,0.3,1.125,0.06339425187120659,calm
vhdc_horse1_s2_trot_03,kine2go,imitation_data\kine2go\vhdc_horse1_s2_trot_03.csv,1000,20.0,0.6567773572611414,0.761588611527319,0.6549664617400001,0.029290531289999998,0.18627316225999999,0.31195642906,0.27791412,0.34667305,0.017410437546600425,1.352637610382546e-07,2.1566709322465933e-07,0.023319386661954787,0.0068625328804430225,0,0.0296838045,0.04176879549999998,0.3,1.1749999999999998,0.06947441702498007,calm
vhdc_horse1_s2_walk_01,kine2go,imitation_data\kine2go\vhdc_horse1_s2_walk_01.csv,1000,20.0,0.39447978875764456,0.45478332462939103,0.39292644967,0.020361756909999997,0.11082137345000001,0.29271782667999996,0.27776736,0.30800136,0.006609647134225213,2.506058218320073e-07,3.741386867007649e-07,0.03689923884333973,0.04000642688637493,0,0.02372593312500003,0.02883833400000002,0.3,0.9625,0.02037487718222943,calm
vhdc_horse1_s2_walk_02,kine2go,imitation_data\kine2go\vhdc_horse1_s2_walk_02.csv,1000,20.0,0.3875016260283502,0.44583866313796633,0.38580411633999995,0.01985857722,0.11558907653,0.29332184889,0.27833737,0.30870248,0.00618154748206747,2.495034005125833e-07,3.873369062665842e-07,0.036799329964565385,0.03753305673546843,0,0.023068682750000014,0.026577328499999997,0.3,1.0125,0.02005631840179225,calm
vhdc_horse1_s2_walk_03,kine2go,imitation_data\kine2go\vhdc_horse1_s2_walk_03.csv,1000,20.0,0.38179982731572837,0.4430090050334014,0.38018040341,0.02047540804,0.11691636584,0.29252279147000004,0.27598181,0.30740164,0.007581293976124256,2.3527158940199038e-07,3.804654444881889e-07,0.03475853114258445,0.037446436260354606,0,0.023633743999999998,0.027923337999999964,0.3,0.9750000000000001,0.02560828419522445,calm
